ATL03_20190502215043_05290305_006_02.h5,geojsons/simplified_GRE_2000_CW.geojson,GrIS_2019_2000_CW,geojsons/GRE_2000_CW.geojson
ATL03_20190503084011_05360303_006_02.h5,geojsons/simplified_GRE_2000_CW.geojson,GrIS_2019_2000_CW,geojsons/GRE_2000_CW.geojson
ATL03_20190503212504_05440305_006_02.h5,geojsons/simplified_GRE_2000_CW.geojson,GrIS_2019_2000_CW,geojsons/GRE_2000_CW.geojson
ATL03_20190507083151_05970303_006_02.h5,geojsons/simplified_GRE_2000_CW.geojson,GrIS_2019_2000_CW,geojsons/GRE_2000_CW.geojson
ATL03_20190507211645_06050305_006_02.h5,geojsons/simplified_GRE_2000_CW.geojson,GrIS_2019_2000_CW,geojsons/GRE_2000_CW.geojson
ATL03_20190511082331_06580303_006_02.h5,geojsons/simplified_GRE_2000_CW.geojson,GrIS_2019_2000_CW,geojsons/GRE_2000_CW.geojson
ATL03_20190511210825_06660305_006_02.h5,geojsons/simplified_GRE_2000_CW.geojson,GrIS_2019_2000_CW,geojsons/GRE_2000_CW.geojson
ATL03_20190515081511_07190303_006_02.h5,geojsons/simplified_GRE_2000_CW.geojson,GrIS_2019_2000_CW,geojsons/GRE_2000_CW.geojson
ATL03_20190515210004_07270305_006_02.h5,geojsons/simplified_GRE_2000_CW.geojson,GrIS_2019_2000_CW,geojsons/GRE_2000_CW.geojson
ATL03_20190519080649_07800303_006_02.h5,geojsons/simplified_GRE_2000_CW.geojson,GrIS_2019_2000_CW,geojsons/GRE_2000_CW.geojson
ATL03_20190519205142_07880305_006_02.h5,geojsons/simplified_GRE_2000_CW.geojson,GrIS_2019_2000_CW,geojsons/GRE_2000_CW.geojson
ATL03_20190523075828_08410303_006_02.h5,geojsons/simplified_GRE_2000_CW.geojson,GrIS_2019_2000_CW,geojsons/GRE_2000_CW.geojson
ATL03_20190523204321_08490305_006_02.h5,geojsons/simplified_GRE_2000_CW.geojson,GrIS_2019_2000_CW,geojsons/GRE_2000_CW.geojson
ATL03_20190524201742_08640305_006_02.h5,geojsons/simplified_GRE_2000_CW.geojson,GrIS_2019_2000_CW,geojsons/GRE_2000_CW.geojson
ATL03_20190527075008_09020303_006_02.h5,geojsons/simplified_GRE_2000_CW.geojson,GrIS_2019_2000_CW,geojsons/GRE_2000_CW.geojson
ATL03_20190527203501_09100305_006_02.h5,geojsons/simplified_GRE_2000_CW.geojson,GrIS_2019_2000_CW,geojsons/GRE_2000_CW.geojson
ATL03_20190528200922_09250305_006_02.h5,geojsons/simplified_GRE_2000_CW.geojson,GrIS_2019_2000_CW,geojsons/GRE_2000_CW.geojson
ATL03_20190531074148_09630303_006_02.h5,geojsons/simplified_GRE_2000_CW.geojson,GrIS_2019_2000_CW,geojsons/GRE_2000_CW.geojson
ATL03_20190531202641_09710305_006_02.h5,geojsons/simplified_GRE_2000_CW.geojson,GrIS_2019_2000_CW,geojsons/GRE_2000_CW.geojson
ATL03_20190601071608_09780303_006_02.h5,geojsons/simplified_GRE_2000_CW.geojson,GrIS_2019_2000_CW,geojsons/GRE_2000_CW.geojson
ATL03_20190601200102_09860305_006_02.h5,geojsons/simplified_GRE_2000_CW.geojson,GrIS_2019_2000_CW,geojsons/GRE_2000_CW.geojson
ATL03_20190605070748_10390303_006_02.h5,geojsons/simplified_GRE_2000_CW.geojson,GrIS_2019_2000_CW,geojsons/GRE_2000_CW.geojson
ATL03_20190605195242_10470305_006_02.h5,geojsons/simplified_GRE_2000_CW.geojson,GrIS_2019_2000_CW,geojsons/GRE_2000_CW.geojson
ATL03_20190609065929_11000303_006_02.h5,geojsons/simplified_GRE_2000_CW.geojson,GrIS_2019_2000_CW,geojsons/GRE_2000_CW.geojson
ATL03_20190609194422_11080305_006_02.h5,geojsons/simplified_GRE_2000_CW.geojson,GrIS_2019_2000_CW,geojsons/GRE_2000_CW.geojson
ATL03_20190613065109_11610303_006_02.h5,geojsons/simplified_GRE_2000_CW.geojson,GrIS_2019_2000_CW,geojsons/GRE_2000_CW.geojson
ATL03_20190613193602_11690305_006_02.h5,geojsons/simplified_GRE_2000_CW.geojson,GrIS_2019_2000_CW,geojsons/GRE_2000_CW.geojson
ATL03_20190617064249_12220303_006_02.h5,geojsons/simplified_GRE_2000_CW.geojson,GrIS_2019_2000_CW,geojsons/GRE_2000_CW.geojson
ATL03_20190617192743_12300305_006_02.h5,geojsons/simplified_GRE_2000_CW.geojson,GrIS_2019_2000_CW,geojsons/GRE_2000_CW.geojson
ATL03_20190621063429_12830303_006_02.h5,geojsons/simplified_GRE_2000_CW.geojson,GrIS_2019_2000_CW,geojsons/GRE_2000_CW.geojson
ATL03_20190621191922_12910305_006_02.h5,geojsons/simplified_GRE_2000_CW.geojson,GrIS_2019_2000_CW,geojsons/GRE_2000_CW.geojson
ATL03_20190622185343_13060305_006_02.h5,geojsons/simplified_GRE_2000_CW.geojson,GrIS_2019_2000_CW,geojsons/GRE_2000_CW.geojson
ATL03_20190625062608_13440303_006_02.h5,geojsons/simplified_GRE_2000_CW.geojson,GrIS_2019_2000_CW,geojsons/GRE_2000_CW.geojson
ATL03_20190625191102_13520305_006_02.h5,geojsons/simplified_GRE_2000_CW.geojson,GrIS_2019_2000_CW,geojsons/GRE_2000_CW.geojson
ATL03_20190712052659_02160403_006_02.h5,geojsons/simplified_GRE_2000_CW.geojson,GrIS_2019_2000_CW,geojsons/GRE_2000_CW.geojson
ATL03_20190712181153_02240405_006_02.h5,geojsons/simplified_GRE_2000_CW.geojson,GrIS_2019_2000_CW,geojsons/GRE_2000_CW.geojson
ATL03_20190716051841_02770403_006_02.h5,geojsons/simplified_GRE_2000_CW.geojson,GrIS_2019_2000_CW,geojsons/GRE_2000_CW.geojson
ATL03_20190716180335_02850405_006_02.h5,geojsons/simplified_GRE_2000_CW.geojson,GrIS_2019_2000_CW,geojsons/GRE_2000_CW.geojson
ATL03_20190720051023_03380403_006_02.h5,geojsons/simplified_GRE_2000_CW.geojson,GrIS_2019_2000_CW,geojsons/GRE_2000_CW.geojson
ATL03_20190720175517_03460405_006_02.h5,geojsons/simplified_GRE_2000_CW.geojson,GrIS_2019_2000_CW,geojsons/GRE_2000_CW.geojson
ATL03_20190724050206_03990403_006_02.h5,geojsons/simplified_GRE_2000_CW.geojson,GrIS_2019_2000_CW,geojsons/GRE_2000_CW.geojson
ATL03_20190724174700_04070405_006_02.h5,geojsons/simplified_GRE_2000_CW.geojson,GrIS_2019_2000_CW,geojsons/GRE_2000_CW.geojson
ATL03_20190725172121_04220405_006_02.h5,geojsons/simplified_GRE_2000_CW.geojson,GrIS_2019_2000_CW,geojsons/GRE_2000_CW.geojson
ATL03_20190728045349_04600403_006_02.h5,geojsons/simplified_GRE_2000_CW.geojson,GrIS_2019_2000_CW,geojsons/GRE_2000_CW.geojson
ATL03_20190728173843_04680405_006_02.h5,geojsons/simplified_GRE_2000_CW.geojson,GrIS_2019_2000_CW,geojsons/GRE_2000_CW.geojson
ATL03_20190729171304_04830405_006_02.h5,geojsons/simplified_GRE_2000_CW.geojson,GrIS_2019_2000_CW,geojsons/GRE_2000_CW.geojson
ATL03_20190801173024_05290405_006_02.h5,geojsons/simplified_GRE_2000_CW.geojson,GrIS_2019_2000_CW,geojsons/GRE_2000_CW.geojson
ATL03_20190802041952_05360403_006_02.h5,geojsons/simplified_GRE_2000_CW.geojson,GrIS_2019_2000_CW,geojsons/GRE_2000_CW.geojson
ATL03_20190802170446_05440405_006_02.h5,geojsons/simplified_GRE_2000_CW.geojson,GrIS_2019_2000_CW,geojsons/GRE_2000_CW.geojson
ATL03_20190806041133_05970403_006_02.h5,geojsons/simplified_GRE_2000_CW.geojson,GrIS_2019_2000_CW,geojsons/GRE_2000_CW.geojson
ATL03_20190806165626_06050405_006_02.h5,geojsons/simplified_GRE_2000_CW.geojson,GrIS_2019_2000_CW,geojsons/GRE_2000_CW.geojson
ATL03_20190810040312_06580403_006_02.h5,geojsons/simplified_GRE_2000_CW.geojson,GrIS_2019_2000_CW,geojsons/GRE_2000_CW.geojson
ATL03_20190810164806_06660405_006_02.h5,geojsons/simplified_GRE_2000_CW.geojson,GrIS_2019_2000_CW,geojsons/GRE_2000_CW.geojson
ATL03_20190814035453_07190403_006_02.h5,geojsons/simplified_GRE_2000_CW.geojson,GrIS_2019_2000_CW,geojsons/GRE_2000_CW.geojson
ATL03_20190814163946_07270405_006_02.h5,geojsons/simplified_GRE_2000_CW.geojson,GrIS_2019_2000_CW,geojsons/GRE_2000_CW.geojson
ATL03_20190818034635_07800403_006_02.h5,geojsons/simplified_GRE_2000_CW.geojson,GrIS_2019_2000_CW,geojsons/GRE_2000_CW.geojson
ATL03_20190818163128_07880405_006_02.h5,geojsons/simplified_GRE_2000_CW.geojson,GrIS_2019_2000_CW,geojsons/GRE_2000_CW.geojson
ATL03_20190822162310_08490405_006_02.h5,geojsons/simplified_GRE_2000_CW.geojson,GrIS_2019_2000_CW,geojsons/GRE_2000_CW.geojson
ATL03_20190823155731_08640405_006_02.h5,geojsons/simplified_GRE_2000_CW.geojson,GrIS_2019_2000_CW,geojsons/GRE_2000_CW.geojson
ATL03_20190826032957_09020403_006_02.h5,geojsons/simplified_GRE_2000_CW.geojson,GrIS_2019_2000_CW,geojsons/GRE_2000_CW.geojson
ATL03_20190826161450_09100405_006_02.h5,geojsons/simplified_GRE_2000_CW.geojson,GrIS_2019_2000_CW,geojsons/GRE_2000_CW.geojson
ATL03_20190827154911_09250405_006_02.h5,geojsons/simplified_GRE_2000_CW.geojson,GrIS_2019_2000_CW,geojsons/GRE_2000_CW.geojson
ATL03_20190830032137_09630403_006_02.h5,geojsons/simplified_GRE_2000_CW.geojson,GrIS_2019_2000_CW,geojsons/GRE_2000_CW.geojson
ATL03_20190830160630_09710405_006_02.h5,geojsons/simplified_GRE_2000_CW.geojson,GrIS_2019_2000_CW,geojsons/GRE_2000_CW.geojson
ATL03_20190831025558_09780403_006_02.h5,geojsons/simplified_GRE_2000_CW.geojson,GrIS_2019_2000_CW,geojsons/GRE_2000_CW.geojson
ATL03_20190831154051_09860405_006_02.h5,geojsons/simplified_GRE_2000_CW.geojson,GrIS_2019_2000_CW,geojsons/GRE_2000_CW.geojson
ATL03_20190904024737_10390403_006_02.h5,geojsons/simplified_GRE_2000_CW.geojson,GrIS_2019_2000_CW,geojsons/GRE_2000_CW.geojson
ATL03_20190904153231_10470405_006_02.h5,geojsons/simplified_GRE_2000_CW.geojson,GrIS_2019_2000_CW,geojsons/GRE_2000_CW.geojson
ATL03_20190908023918_11000403_006_02.h5,geojsons/simplified_GRE_2000_CW.geojson,GrIS_2019_2000_CW,geojsons/GRE_2000_CW.geojson
ATL03_20190908152412_11080405_006_02.h5,geojsons/simplified_GRE_2000_CW.geojson,GrIS_2019_2000_CW,geojsons/GRE_2000_CW.geojson
ATL03_20190912023059_11610403_006_02.h5,geojsons/simplified_GRE_2000_CW.geojson,GrIS_2019_2000_CW,geojsons/GRE_2000_CW.geojson
ATL03_20190912151552_11690405_006_02.h5,geojsons/simplified_GRE_2000_CW.geojson,GrIS_2019_2000_CW,geojsons/GRE_2000_CW.geojson
ATL03_20190916022239_12220403_006_02.h5,geojsons/simplified_GRE_2000_CW.geojson,GrIS_2019_2000_CW,geojsons/GRE_2000_CW.geojson
ATL03_20190916150733_12300405_006_02.h5,geojsons/simplified_GRE_2000_CW.geojson,GrIS_2019_2000_CW,geojsons/GRE_2000_CW.geojson
ATL03_20190920021420_12830403_006_02.h5,geojsons/simplified_GRE_2000_CW.geojson,GrIS_2019_2000_CW,geojsons/GRE_2000_CW.geojson
ATL03_20190920145914_12910405_006_02.h5,geojsons/simplified_GRE_2000_CW.geojson,GrIS_2019_2000_CW,geojsons/GRE_2000_CW.geojson
ATL03_20190921143335_13060405_006_02.h5,geojsons/simplified_GRE_2000_CW.geojson,GrIS_2019_2000_CW,geojsons/GRE_2000_CW.geojson
ATL03_20190924020602_13440403_006_02.h5,geojsons/simplified_GRE_2000_CW.geojson,GrIS_2019_2000_CW,geojsons/GRE_2000_CW.geojson
ATL03_20190924145056_13520405_006_02.h5,geojsons/simplified_GRE_2000_CW.geojson,GrIS_2019_2000_CW,geojsons/GRE_2000_CW.geojson
ATL03_20190925142517_13670405_006_02.h5,geojsons/simplified_GRE_2000_CW.geojson,GrIS_2019_2000_CW,geojsons/GRE_2000_CW.geojson
ATL03_20190928015743_00180503_006_02.h5,geojsons/simplified_GRE_2000_CW.geojson,GrIS_2019_2000_CW,geojsons/GRE_2000_CW.geojson
ATL03_20190928144236_00260505_006_02.h5,geojsons/simplified_GRE_2000_CW.geojson,GrIS_2019_2000_CW,geojsons/GRE_2000_CW.geojson
ATL03_20190929013203_00330503_006_02.h5,geojsons/simplified_GRE_2000_CW.geojson,GrIS_2019_2000_CW,geojsons/GRE_2000_CW.geojson
ATL03_20190929141656_00410505_006_02.h5,geojsons/simplified_GRE_2000_CW.geojson,GrIS_2019_2000_CW,geojsons/GRE_2000_CW.geojson
ATL03_20200501040411_05440705_006_01.h5,geojsons/simplified_GRE_2000_CW.geojson,GrIS_2020_2000_CW,geojsons/GRE_2000_CW.geojson
ATL03_20200504151059_05970703_006_01.h5,geojsons/simplified_GRE_2000_CW.geojson,GrIS_2020_2000_CW,geojsons/GRE_2000_CW.geojson
ATL03_20200505035553_06050705_006_01.h5,geojsons/simplified_GRE_2000_CW.geojson,GrIS_2020_2000_CW,geojsons/GRE_2000_CW.geojson
ATL03_20200508150240_06580703_006_01.h5,geojsons/simplified_GRE_2000_CW.geojson,GrIS_2020_2000_CW,geojsons/GRE_2000_CW.geojson
ATL03_20200509034734_06660705_006_01.h5,geojsons/simplified_GRE_2000_CW.geojson,GrIS_2020_2000_CW,geojsons/GRE_2000_CW.geojson
ATL03_20200512145421_07190703_006_01.h5,geojsons/simplified_GRE_2000_CW.geojson,GrIS_2020_2000_CW,geojsons/GRE_2000_CW.geojson
ATL03_20200513033914_07270705_006_01.h5,geojsons/simplified_GRE_2000_CW.geojson,GrIS_2020_2000_CW,geojsons/GRE_2000_CW.geojson
ATL03_20200516144602_07800703_006_01.h5,geojsons/simplified_GRE_2000_CW.geojson,GrIS_2020_2000_CW,geojsons/GRE_2000_CW.geojson
ATL03_20200517033055_07880705_006_01.h5,geojsons/simplified_GRE_2000_CW.geojson,GrIS_2020_2000_CW,geojsons/GRE_2000_CW.geojson
ATL03_20200520143742_08410703_006_01.h5,geojsons/simplified_GRE_2000_CW.geojson,GrIS_2020_2000_CW,geojsons/GRE_2000_CW.geojson
ATL03_20200521032236_08490705_006_01.h5,geojsons/simplified_GRE_2000_CW.geojson,GrIS_2020_2000_CW,geojsons/GRE_2000_CW.geojson
ATL03_20200522025656_08640705_006_01.h5,geojsons/simplified_GRE_2000_CW.geojson,GrIS_2020_2000_CW,geojsons/GRE_2000_CW.geojson
ATL03_20200524142922_09020703_006_01.h5,geojsons/simplified_GRE_2000_CW.geojson,GrIS_2020_2000_CW,geojsons/GRE_2000_CW.geojson
ATL03_20200525031415_09100705_006_01.h5,geojsons/simplified_GRE_2000_CW.geojson,GrIS_2020_2000_CW,geojsons/GRE_2000_CW.geojson
ATL03_20200526024835_09250705_006_01.h5,geojsons/simplified_GRE_2000_CW.geojson,GrIS_2020_2000_CW,geojsons/GRE_2000_CW.geojson
ATL03_20200528142101_09630703_006_01.h5,geojsons/simplified_GRE_2000_CW.geojson,GrIS_2020_2000_CW,geojsons/GRE_2000_CW.geojson
ATL03_20200529030555_09710705_006_01.h5,geojsons/simplified_GRE_2000_CW.geojson,GrIS_2020_2000_CW,geojsons/GRE_2000_CW.geojson
ATL03_20200529135522_09780703_006_01.h5,geojsons/simplified_GRE_2000_CW.geojson,GrIS_2020_2000_CW,geojsons/GRE_2000_CW.geojson
ATL03_20200530024016_09860705_006_01.h5,geojsons/simplified_GRE_2000_CW.geojson,GrIS_2020_2000_CW,geojsons/GRE_2000_CW.geojson
ATL03_20200602134702_10390703_006_01.h5,geojsons/simplified_GRE_2000_CW.geojson,GrIS_2020_2000_CW,geojsons/GRE_2000_CW.geojson
ATL03_20200603023155_10470705_006_01.h5,geojsons/simplified_GRE_2000_CW.geojson,GrIS_2020_2000_CW,geojsons/GRE_2000_CW.geojson
ATL03_20200606133842_11000703_006_01.h5,geojsons/simplified_GRE_2000_CW.geojson,GrIS_2020_2000_CW,geojsons/GRE_2000_CW.geojson
ATL03_20200607022335_11080705_006_01.h5,geojsons/simplified_GRE_2000_CW.geojson,GrIS_2020_2000_CW,geojsons/GRE_2000_CW.geojson
ATL03_20200610133021_11610703_006_01.h5,geojsons/simplified_GRE_2000_CW.geojson,GrIS_2020_2000_CW,geojsons/GRE_2000_CW.geojson
ATL03_20200611021514_11690705_006_01.h5,geojsons/simplified_GRE_2000_CW.geojson,GrIS_2020_2000_CW,geojsons/GRE_2000_CW.geojson
ATL03_20200614132201_12220703_006_01.h5,geojsons/simplified_GRE_2000_CW.geojson,GrIS_2020_2000_CW,geojsons/GRE_2000_CW.geojson
ATL03_20200615020654_12300705_006_01.h5,geojsons/simplified_GRE_2000_CW.geojson,GrIS_2020_2000_CW,geojsons/GRE_2000_CW.geojson
ATL03_20200618131341_12830703_006_01.h5,geojsons/simplified_GRE_2000_CW.geojson,GrIS_2020_2000_CW,geojsons/GRE_2000_CW.geojson
ATL03_20200619015835_12910705_006_01.h5,geojsons/simplified_GRE_2000_CW.geojson,GrIS_2020_2000_CW,geojsons/GRE_2000_CW.geojson
ATL03_20200620013256_13060705_006_01.h5,geojsons/simplified_GRE_2000_CW.geojson,GrIS_2020_2000_CW,geojsons/GRE_2000_CW.geojson
ATL03_20200622130522_13440703_006_01.h5,geojsons/simplified_GRE_2000_CW.geojson,GrIS_2020_2000_CW,geojsons/GRE_2000_CW.geojson
ATL03_20200623015015_13520705_006_01.h5,geojsons/simplified_GRE_2000_CW.geojson,GrIS_2020_2000_CW,geojsons/GRE_2000_CW.geojson
ATL03_20200624012436_13670705_006_01.h5,geojsons/simplified_GRE_2000_CW.geojson,GrIS_2020_2000_CW,geojsons/GRE_2000_CW.geojson
ATL03_20200626125702_00180803_006_01.h5,geojsons/simplified_GRE_2000_CW.geojson,GrIS_2020_2000_CW,geojsons/GRE_2000_CW.geojson
ATL03_20200627014155_00260805_006_01.h5,geojsons/simplified_GRE_2000_CW.geojson,GrIS_2020_2000_CW,geojsons/GRE_2000_CW.geojson
ATL03_20200627123123_00330803_006_01.h5,geojsons/simplified_GRE_2000_CW.geojson,GrIS_2020_2000_CW,geojsons/GRE_2000_CW.geojson
ATL03_20200628011616_00410805_006_01.h5,geojsons/simplified_GRE_2000_CW.geojson,GrIS_2020_2000_CW,geojsons/GRE_2000_CW.geojson
ATL03_20200701122303_00940803_006_01.h5,geojsons/simplified_GRE_2000_CW.geojson,GrIS_2020_2000_CW,geojsons/GRE_2000_CW.geojson
ATL03_20200702010756_01020805_006_01.h5,geojsons/simplified_GRE_2000_CW.geojson,GrIS_2020_2000_CW,geojsons/GRE_2000_CW.geojson
ATL03_20200705121441_01550803_006_01.h5,geojsons/simplified_GRE_2000_CW.geojson,GrIS_2020_2000_CW,geojsons/GRE_2000_CW.geojson
ATL03_20200706005932_01630805_006_01.h5,geojsons/simplified_GRE_2000_CW.geojson,GrIS_2020_2000_CW,geojsons/GRE_2000_CW.geojson
ATL03_20200709120621_02160803_006_01.h5,geojsons/simplified_GRE_2000_CW.geojson,GrIS_2020_2000_CW,geojsons/GRE_2000_CW.geojson
ATL03_20200710005115_02240805_006_01.h5,geojsons/simplified_GRE_2000_CW.geojson,GrIS_2020_2000_CW,geojsons/GRE_2000_CW.geojson
ATL03_20200713115804_02770803_006_01.h5,geojsons/simplified_GRE_2000_CW.geojson,GrIS_2020_2000_CW,geojsons/GRE_2000_CW.geojson
ATL03_20200714004257_02850805_006_01.h5,geojsons/simplified_GRE_2000_CW.geojson,GrIS_2020_2000_CW,geojsons/GRE_2000_CW.geojson
ATL03_20200717114945_03380803_006_01.h5,geojsons/simplified_GRE_2000_CW.geojson,GrIS_2020_2000_CW,geojsons/GRE_2000_CW.geojson
ATL03_20200718003439_03460805_006_01.h5,geojsons/simplified_GRE_2000_CW.geojson,GrIS_2020_2000_CW,geojsons/GRE_2000_CW.geojson
ATL03_20200721114126_03990803_006_01.h5,geojsons/simplified_GRE_2000_CW.geojson,GrIS_2020_2000_CW,geojsons/GRE_2000_CW.geojson
ATL03_20200722002619_04070805_006_01.h5,geojsons/simplified_GRE_2000_CW.geojson,GrIS_2020_2000_CW,geojsons/GRE_2000_CW.geojson
ATL03_20200723000040_04220805_006_01.h5,geojsons/simplified_GRE_2000_CW.geojson,GrIS_2020_2000_CW,geojsons/GRE_2000_CW.geojson
ATL03_20200725113304_04600803_006_01.h5,geojsons/simplified_GRE_2000_CW.geojson,GrIS_2020_2000_CW,geojsons/GRE_2000_CW.geojson
ATL03_20200726001759_04680805_006_01.h5,geojsons/simplified_GRE_2000_CW.geojson,GrIS_2020_2000_CW,geojsons/GRE_2000_CW.geojson
ATL03_20200726235220_04830805_006_01.h5,geojsons/simplified_GRE_2000_CW.geojson,GrIS_2020_2000_CW,geojsons/GRE_2000_CW.geojson
ATL03_20200730000939_05290805_006_01.h5,geojsons/simplified_GRE_2000_CW.geojson,GrIS_2020_2000_CW,geojsons/GRE_2000_CW.geojson
ATL03_20200730105906_05360803_006_01.h5,geojsons/simplified_GRE_2000_CW.geojson,GrIS_2020_2000_CW,geojsons/GRE_2000_CW.geojson
ATL03_20200730234400_05440805_006_01.h5,geojsons/simplified_GRE_2000_CW.geojson,GrIS_2020_2000_CW,geojsons/GRE_2000_CW.geojson
ATL03_20200803105046_05970803_006_01.h5,geojsons/simplified_GRE_2000_CW.geojson,GrIS_2020_2000_CW,geojsons/GRE_2000_CW.geojson
ATL03_20200803233539_06050805_006_01.h5,geojsons/simplified_GRE_2000_CW.geojson,GrIS_2020_2000_CW,geojsons/GRE_2000_CW.geojson
ATL03_20200807104225_06580803_006_01.h5,geojsons/simplified_GRE_2000_CW.geojson,GrIS_2020_2000_CW,geojsons/GRE_2000_CW.geojson
ATL03_20200807232719_06660805_006_01.h5,geojsons/simplified_GRE_2000_CW.geojson,GrIS_2020_2000_CW,geojsons/GRE_2000_CW.geojson
ATL03_20200811103406_07190803_006_01.h5,geojsons/simplified_GRE_2000_CW.geojson,GrIS_2020_2000_CW,geojsons/GRE_2000_CW.geojson
ATL03_20200811231859_07270805_006_01.h5,geojsons/simplified_GRE_2000_CW.geojson,GrIS_2020_2000_CW,geojsons/GRE_2000_CW.geojson
ATL03_20200815102547_07800803_006_01.h5,geojsons/simplified_GRE_2000_CW.geojson,GrIS_2020_2000_CW,geojsons/GRE_2000_CW.geojson
ATL03_20200815231040_07880805_006_01.h5,geojsons/simplified_GRE_2000_CW.geojson,GrIS_2020_2000_CW,geojsons/GRE_2000_CW.geojson
ATL03_20200819101727_08410803_006_01.h5,geojsons/simplified_GRE_2000_CW.geojson,GrIS_2020_2000_CW,geojsons/GRE_2000_CW.geojson
ATL03_20200819230220_08490805_006_01.h5,geojsons/simplified_GRE_2000_CW.geojson,GrIS_2020_2000_CW,geojsons/GRE_2000_CW.geojson
ATL03_20200820223641_08640805_006_01.h5,geojsons/simplified_GRE_2000_CW.geojson,GrIS_2020_2000_CW,geojsons/GRE_2000_CW.geojson
ATL03_20200823100907_09020803_006_01.h5,geojsons/simplified_GRE_2000_CW.geojson,GrIS_2020_2000_CW,geojsons/GRE_2000_CW.geojson
ATL03_20200823225401_09100805_006_01.h5,geojsons/simplified_GRE_2000_CW.geojson,GrIS_2020_2000_CW,geojsons/GRE_2000_CW.geojson
ATL03_20200824222822_09250805_006_01.h5,geojsons/simplified_GRE_2000_CW.geojson,GrIS_2020_2000_CW,geojsons/GRE_2000_CW.geojson
ATL03_20200827100048_09630803_006_01.h5,geojsons/simplified_GRE_2000_CW.geojson,GrIS_2020_2000_CW,geojsons/GRE_2000_CW.geojson
ATL03_20200827224541_09710805_006_01.h5,geojsons/simplified_GRE_2000_CW.geojson,GrIS_2020_2000_CW,geojsons/GRE_2000_CW.geojson
ATL03_20200828093509_09780803_006_01.h5,geojsons/simplified_GRE_2000_CW.geojson,GrIS_2020_2000_CW,geojsons/GRE_2000_CW.geojson
ATL03_20200828222002_09860805_006_01.h5,geojsons/simplified_GRE_2000_CW.geojson,GrIS_2020_2000_CW,geojsons/GRE_2000_CW.geojson
ATL03_20200901092648_10390803_006_02.h5,geojsons/simplified_GRE_2000_CW.geojson,GrIS_2020_2000_CW,geojsons/GRE_2000_CW.geojson
ATL03_20200901221141_10470805_006_02.h5,geojsons/simplified_GRE_2000_CW.geojson,GrIS_2020_2000_CW,geojsons/GRE_2000_CW.geojson
ATL03_20200905091828_11000803_006_02.h5,geojsons/simplified_GRE_2000_CW.geojson,GrIS_2020_2000_CW,geojsons/GRE_2000_CW.geojson
ATL03_20200905220321_11080805_006_02.h5,geojsons/simplified_GRE_2000_CW.geojson,GrIS_2020_2000_CW,geojsons/GRE_2000_CW.geojson
ATL03_20200909091009_11610803_006_02.h5,geojsons/simplified_GRE_2000_CW.geojson,GrIS_2020_2000_CW,geojsons/GRE_2000_CW.geojson
ATL03_20200909215502_11690805_006_02.h5,geojsons/simplified_GRE_2000_CW.geojson,GrIS_2020_2000_CW,geojsons/GRE_2000_CW.geojson
ATL03_20200913090149_12220803_006_02.h5,geojsons/simplified_GRE_2000_CW.geojson,GrIS_2020_2000_CW,geojsons/GRE_2000_CW.geojson
ATL03_20200913214643_12300805_006_02.h5,geojsons/simplified_GRE_2000_CW.geojson,GrIS_2020_2000_CW,geojsons/GRE_2000_CW.geojson
ATL03_20200917085329_12830803_006_02.h5,geojsons/simplified_GRE_2000_CW.geojson,GrIS_2020_2000_CW,geojsons/GRE_2000_CW.geojson
ATL03_20200917213822_12910805_006_02.h5,geojsons/simplified_GRE_2000_CW.geojson,GrIS_2020_2000_CW,geojsons/GRE_2000_CW.geojson
ATL03_20200918211243_13060805_006_02.h5,geojsons/simplified_GRE_2000_CW.geojson,GrIS_2020_2000_CW,geojsons/GRE_2000_CW.geojson
ATL03_20200921084510_13440803_006_02.h5,geojsons/simplified_GRE_2000_CW.geojson,GrIS_2020_2000_CW,geojsons/GRE_2000_CW.geojson
ATL03_20200921213003_13520805_006_02.h5,geojsons/simplified_GRE_2000_CW.geojson,GrIS_2020_2000_CW,geojsons/GRE_2000_CW.geojson
ATL03_20200922210424_13670805_006_02.h5,geojsons/simplified_GRE_2000_CW.geojson,GrIS_2020_2000_CW,geojsons/GRE_2000_CW.geojson
ATL03_20200925083651_00180903_006_02.h5,geojsons/simplified_GRE_2000_CW.geojson,GrIS_2020_2000_CW,geojsons/GRE_2000_CW.geojson
ATL03_20200925212145_00260905_006_02.h5,geojsons/simplified_GRE_2000_CW.geojson,GrIS_2020_2000_CW,geojsons/GRE_2000_CW.geojson
ATL03_20200926081112_00330903_006_02.h5,geojsons/simplified_GRE_2000_CW.geojson,GrIS_2020_2000_CW,geojsons/GRE_2000_CW.geojson
ATL03_20200926205605_00410905_006_02.h5,geojsons/simplified_GRE_2000_CW.geojson,GrIS_2020_2000_CW,geojsons/GRE_2000_CW.geojson
ATL03_20200930080248_00940903_006_02.h5,geojsons/simplified_GRE_2000_CW.geojson,GrIS_2020_2000_CW,geojsons/GRE_2000_CW.geojson
ATL03_20200930204740_01020905_006_02.h5,geojsons/simplified_GRE_2000_CW.geojson,GrIS_2020_2000_CW,geojsons/GRE_2000_CW.geojson
ATL03_20181101213926_05230110_006_02.h5,geojsons/simplified_ANT_1000_East_B-C.geojson,AIS_2018-19_1000_East_B-C,geojsons/ANT_1000_East_B-C.geojson
ATL03_20181102102712_05310112_006_02.h5,geojsons/simplified_ANT_1000_East_B-C.geojson,AIS_2018-19_1000_East_B-C,geojsons/ANT_1000_East_B-C.geojson
ATL03_20181102211349_05380110_006_02.h5,geojsons/simplified_ANT_1000_East_B-C.geojson,AIS_2018-19_1000_East_B-C,geojsons/ANT_1000_East_B-C.geojson
ATL03_20181103100133_05460112_006_02.h5,geojsons/simplified_ANT_1000_East_B-C.geojson,AIS_2018-19_1000_East_B-C,geojsons/ANT_1000_East_B-C.geojson
ATL03_20181106101859_05920112_006_02.h5,geojsons/simplified_ANT_1000_East_B-C.geojson,AIS_2018-19_1000_East_B-C,geojsons/ANT_1000_East_B-C.geojson
ATL03_20181106210537_05990110_006_02.h5,geojsons/simplified_ANT_1000_East_B-C.geojson,AIS_2018-19_1000_East_B-C,geojsons/ANT_1000_East_B-C.geojson
ATL03_20181107095318_06070112_006_02.h5,geojsons/simplified_ANT_1000_East_B-C.geojson,AIS_2018-19_1000_East_B-C,geojsons/ANT_1000_East_B-C.geojson
ATL03_20181109212258_06450110_006_02.h5,geojsons/simplified_ANT_1000_East_B-C.geojson,AIS_2018-19_1000_East_B-C,geojsons/ANT_1000_East_B-C.geojson
ATL03_20181110101041_06530112_006_02.h5,geojsons/simplified_ANT_1000_East_B-C.geojson,AIS_2018-19_1000_East_B-C,geojsons/ANT_1000_East_B-C.geojson
ATL03_20181110205719_06600110_006_02.h5,geojsons/simplified_ANT_1000_East_B-C.geojson,AIS_2018-19_1000_East_B-C,geojsons/ANT_1000_East_B-C.geojson
ATL03_20181111094502_06680112_006_02.h5,geojsons/simplified_ANT_1000_East_B-C.geojson,AIS_2018-19_1000_East_B-C,geojsons/ANT_1000_East_B-C.geojson
ATL03_20181113211437_07060110_006_02.h5,geojsons/simplified_ANT_1000_East_B-C.geojson,AIS_2018-19_1000_East_B-C,geojsons/ANT_1000_East_B-C.geojson
ATL03_20181114100220_07140112_006_02.h5,geojsons/simplified_ANT_1000_East_B-C.geojson,AIS_2018-19_1000_East_B-C,geojsons/ANT_1000_East_B-C.geojson
ATL03_20181114204857_07210110_006_02.h5,geojsons/simplified_ANT_1000_East_B-C.geojson,AIS_2018-19_1000_East_B-C,geojsons/ANT_1000_East_B-C.geojson
ATL03_20181115093639_07290112_006_02.h5,geojsons/simplified_ANT_1000_East_B-C.geojson,AIS_2018-19_1000_East_B-C,geojsons/ANT_1000_East_B-C.geojson
ATL03_20181118095353_07750112_006_02.h5,geojsons/simplified_ANT_1000_East_B-C.geojson,AIS_2018-19_1000_East_B-C,geojsons/ANT_1000_East_B-C.geojson
ATL03_20181118204030_07820110_006_02.h5,geojsons/simplified_ANT_1000_East_B-C.geojson,AIS_2018-19_1000_East_B-C,geojsons/ANT_1000_East_B-C.geojson
ATL03_20181119092815_07900112_006_02.h5,geojsons/simplified_ANT_1000_East_B-C.geojson,AIS_2018-19_1000_East_B-C,geojsons/ANT_1000_East_B-C.geojson
ATL03_20181122094530_08360112_006_02.h5,geojsons/simplified_ANT_1000_East_B-C.geojson,AIS_2018-19_1000_East_B-C,geojsons/ANT_1000_East_B-C.geojson
ATL03_20181122203207_08430110_006_02.h5,geojsons/simplified_ANT_1000_East_B-C.geojson,AIS_2018-19_1000_East_B-C,geojsons/ANT_1000_East_B-C.geojson
ATL03_20181123091949_08510112_006_02.h5,geojsons/simplified_ANT_1000_East_B-C.geojson,AIS_2018-19_1000_East_B-C,geojsons/ANT_1000_East_B-C.geojson
ATL03_20181126093704_08970112_006_02.h5,geojsons/simplified_ANT_1000_East_B-C.geojson,AIS_2018-19_1000_East_B-C,geojsons/ANT_1000_East_B-C.geojson
ATL03_20181126202341_09040110_006_02.h5,geojsons/simplified_ANT_1000_East_B-C.geojson,AIS_2018-19_1000_East_B-C,geojsons/ANT_1000_East_B-C.geojson
ATL03_20181127091124_09120112_006_02.h5,geojsons/simplified_ANT_1000_East_B-C.geojson,AIS_2018-19_1000_East_B-C,geojsons/ANT_1000_East_B-C.geojson
ATL03_20181128084545_09270112_006_02.h5,geojsons/simplified_ANT_1000_East_B-C.geojson,AIS_2018-19_1000_East_B-C,geojsons/ANT_1000_East_B-C.geojson
ATL03_20181130201522_09650110_006_02.h5,geojsons/simplified_ANT_1000_East_B-C.geojson,AIS_2018-19_1000_East_B-C,geojsons/ANT_1000_East_B-C.geojson
ATL03_20181201090306_09730112_006_02.h5,geojsons/simplified_ANT_1000_East_B-C.geojson,AIS_2018-19_1000_East_B-C,geojsons/ANT_1000_East_B-C.geojson
ATL03_20181202083727_09880112_006_02.h5,geojsons/simplified_ANT_1000_East_B-C.geojson,AIS_2018-19_1000_East_B-C,geojsons/ANT_1000_East_B-C.geojson
ATL03_20181204200704_10260110_006_02.h5,geojsons/simplified_ANT_1000_East_B-C.geojson,AIS_2018-19_1000_East_B-C,geojsons/ANT_1000_East_B-C.geojson
ATL03_20181205085447_10340112_006_02.h5,geojsons/simplified_ANT_1000_East_B-C.geojson,AIS_2018-19_1000_East_B-C,geojsons/ANT_1000_East_B-C.geojson
ATL03_20181206082908_10490112_006_02.h5,geojsons/simplified_ANT_1000_East_B-C.geojson,AIS_2018-19_1000_East_B-C,geojsons/ANT_1000_East_B-C.geojson
ATL03_20181208195844_10870110_006_02.h5,geojsons/simplified_ANT_1000_East_B-C.geojson,AIS_2018-19_1000_East_B-C,geojsons/ANT_1000_East_B-C.geojson
ATL03_20181209193305_11020110_006_02.h5,geojsons/simplified_ANT_1000_East_B-C.geojson,AIS_2018-19_1000_East_B-C,geojsons/ANT_1000_East_B-C.geojson
ATL03_20181210082048_11100112_006_02.h5,geojsons/simplified_ANT_1000_East_B-C.geojson,AIS_2018-19_1000_East_B-C,geojsons/ANT_1000_East_B-C.geojson
ATL03_20181212195024_11480110_006_02.h5,geojsons/simplified_ANT_1000_East_B-C.geojson,AIS_2018-19_1000_East_B-C,geojsons/ANT_1000_East_B-C.geojson
ATL03_20181213083807_11560112_006_02.h5,geojsons/simplified_ANT_1000_East_B-C.geojson,AIS_2018-19_1000_East_B-C,geojsons/ANT_1000_East_B-C.geojson
ATL03_20181213192444_11630110_006_02.h5,geojsons/simplified_ANT_1000_East_B-C.geojson,AIS_2018-19_1000_East_B-C,geojsons/ANT_1000_East_B-C.geojson
ATL03_20181214081227_11710112_006_02.h5,geojsons/simplified_ANT_1000_East_B-C.geojson,AIS_2018-19_1000_East_B-C,geojsons/ANT_1000_East_B-C.geojson
ATL03_20181216194205_12090110_006_02.h5,geojsons/simplified_ANT_1000_East_B-C.geojson,AIS_2018-19_1000_East_B-C,geojsons/ANT_1000_East_B-C.geojson
ATL03_20181217082949_12170112_006_02.h5,geojsons/simplified_ANT_1000_East_B-C.geojson,AIS_2018-19_1000_East_B-C,geojsons/ANT_1000_East_B-C.geojson
ATL03_20181217191627_12240110_006_02.h5,geojsons/simplified_ANT_1000_East_B-C.geojson,AIS_2018-19_1000_East_B-C,geojsons/ANT_1000_East_B-C.geojson
ATL03_20181218080410_12320112_006_02.h5,geojsons/simplified_ANT_1000_East_B-C.geojson,AIS_2018-19_1000_East_B-C,geojsons/ANT_1000_East_B-C.geojson
ATL03_20181221082130_12780112_006_02.h5,geojsons/simplified_ANT_1000_East_B-C.geojson,AIS_2018-19_1000_East_B-C,geojsons/ANT_1000_East_B-C.geojson
ATL03_20181221190808_12850110_006_02.h5,geojsons/simplified_ANT_1000_East_B-C.geojson,AIS_2018-19_1000_East_B-C,geojsons/ANT_1000_East_B-C.geojson
ATL03_20181225081310_13390112_006_02.h5,geojsons/simplified_ANT_1000_East_B-C.geojson,AIS_2018-19_1000_East_B-C,geojsons/ANT_1000_East_B-C.geojson
ATL03_20181225185948_13460110_006_02.h5,geojsons/simplified_ANT_1000_East_B-C.geojson,AIS_2018-19_1000_East_B-C,geojsons/ANT_1000_East_B-C.geojson
ATL03_20181226074730_13540112_006_02.h5,geojsons/simplified_ANT_1000_East_B-C.geojson,AIS_2018-19_1000_East_B-C,geojsons/ANT_1000_East_B-C.geojson
ATL03_20181229080452_00130212_006_02.h5,geojsons/simplified_ANT_1000_East_B-C.geojson,AIS_2018-19_1000_East_B-C,geojsons/ANT_1000_East_B-C.geojson
ATL03_20181229185130_00200210_006_02.h5,geojsons/simplified_ANT_1000_East_B-C.geojson,AIS_2018-19_1000_East_B-C,geojsons/ANT_1000_East_B-C.geojson
ATL03_20181230073914_00280212_006_02.h5,geojsons/simplified_ANT_1000_East_B-C.geojson,AIS_2018-19_1000_East_B-C,geojsons/ANT_1000_East_B-C.geojson
ATL03_20181231071335_00430212_006_02.h5,geojsons/simplified_ANT_1000_East_B-C.geojson,AIS_2018-19_1000_East_B-C,geojsons/ANT_1000_East_B-C.geojson
ATL03_20190102184312_00810210_006_02.h5,geojsons/simplified_ANT_1000_East_B-C.geojson,AIS_2018-19_1000_East_B-C,geojsons/ANT_1000_East_B-C.geojson
ATL03_20190103073055_00890212_006_02.h5,geojsons/simplified_ANT_1000_East_B-C.geojson,AIS_2018-19_1000_East_B-C,geojsons/ANT_1000_East_B-C.geojson
ATL03_20190103181733_00960210_006_02.h5,geojsons/simplified_ANT_1000_East_B-C.geojson,AIS_2018-19_1000_East_B-C,geojsons/ANT_1000_East_B-C.geojson
ATL03_20190104070516_01040212_006_02.h5,geojsons/simplified_ANT_1000_East_B-C.geojson,AIS_2018-19_1000_East_B-C,geojsons/ANT_1000_East_B-C.geojson
ATL03_20190106183451_01420210_006_02.h5,geojsons/simplified_ANT_1000_East_B-C.geojson,AIS_2018-19_1000_East_B-C,geojsons/ANT_1000_East_B-C.geojson
ATL03_20190107072235_01500212_006_02.h5,geojsons/simplified_ANT_1000_East_B-C.geojson,AIS_2018-19_1000_East_B-C,geojsons/ANT_1000_East_B-C.geojson
ATL03_20190107180912_01570210_006_02.h5,geojsons/simplified_ANT_1000_East_B-C.geojson,AIS_2018-19_1000_East_B-C,geojsons/ANT_1000_East_B-C.geojson
ATL03_20190108065655_01650212_006_02.h5,geojsons/simplified_ANT_1000_East_B-C.geojson,AIS_2018-19_1000_East_B-C,geojsons/ANT_1000_East_B-C.geojson
ATL03_20190110182629_02030210_006_02.h5,geojsons/simplified_ANT_1000_East_B-C.geojson,AIS_2018-19_1000_East_B-C,geojsons/ANT_1000_East_B-C.geojson
ATL03_20190111071412_02110212_006_02.h5,geojsons/simplified_ANT_1000_East_B-C.geojson,AIS_2018-19_1000_East_B-C,geojsons/ANT_1000_East_B-C.geojson
ATL03_20190111180049_02180210_006_02.h5,geojsons/simplified_ANT_1000_East_B-C.geojson,AIS_2018-19_1000_East_B-C,geojsons/ANT_1000_East_B-C.geojson
ATL03_20190112064832_02260212_006_02.h5,geojsons/simplified_ANT_1000_East_B-C.geojson,AIS_2018-19_1000_East_B-C,geojsons/ANT_1000_East_B-C.geojson
ATL03_20190114181806_02640210_006_02.h5,geojsons/simplified_ANT_1000_East_B-C.geojson,AIS_2018-19_1000_East_B-C,geojsons/ANT_1000_East_B-C.geojson
ATL03_20190115070548_02720212_006_02.h5,geojsons/simplified_ANT_1000_East_B-C.geojson,AIS_2018-19_1000_East_B-C,geojsons/ANT_1000_East_B-C.geojson
ATL03_20190115175225_02790210_006_02.h5,geojsons/simplified_ANT_1000_East_B-C.geojson,AIS_2018-19_1000_East_B-C,geojsons/ANT_1000_East_B-C.geojson
ATL03_20190116064007_02870212_006_02.h5,geojsons/simplified_ANT_1000_East_B-C.geojson,AIS_2018-19_1000_East_B-C,geojsons/ANT_1000_East_B-C.geojson
ATL03_20190119065729_03330212_006_02.h5,geojsons/simplified_ANT_1000_East_B-C.geojson,AIS_2018-19_1000_East_B-C,geojsons/ANT_1000_East_B-C.geojson
ATL03_20190119174407_03400210_006_02.h5,geojsons/simplified_ANT_1000_East_B-C.geojson,AIS_2018-19_1000_East_B-C,geojsons/ANT_1000_East_B-C.geojson
ATL03_20190120063151_03480212_006_02.h5,geojsons/simplified_ANT_1000_East_B-C.geojson,AIS_2018-19_1000_East_B-C,geojsons/ANT_1000_East_B-C.geojson
ATL03_20190123064917_03940212_006_02.h5,geojsons/simplified_ANT_1000_East_B-C.geojson,AIS_2018-19_1000_East_B-C,geojsons/ANT_1000_East_B-C.geojson
ATL03_20190123173555_04010210_006_02.h5,geojsons/simplified_ANT_1000_East_B-C.geojson,AIS_2018-19_1000_East_B-C,geojsons/ANT_1000_East_B-C.geojson
ATL03_20190124062339_04090212_006_02.h5,geojsons/simplified_ANT_1000_East_B-C.geojson,AIS_2018-19_1000_East_B-C,geojsons/ANT_1000_East_B-C.geojson
ATL03_20190127064102_04550212_006_02.h5,geojsons/simplified_ANT_1000_East_B-C.geojson,AIS_2018-19_1000_East_B-C,geojsons/ANT_1000_East_B-C.geojson
ATL03_20190127172740_04620210_006_02.h5,geojsons/simplified_ANT_1000_East_B-C.geojson,AIS_2018-19_1000_East_B-C,geojsons/ANT_1000_East_B-C.geojson
ATL03_20190128061524_04700212_006_02.h5,geojsons/simplified_ANT_1000_East_B-C.geojson,AIS_2018-19_1000_East_B-C,geojsons/ANT_1000_East_B-C.geojson
ATL03_20190129054945_04850212_006_02.h5,geojsons/simplified_ANT_1000_East_B-C.geojson,AIS_2018-19_1000_East_B-C,geojsons/ANT_1000_East_B-C.geojson
ATL03_20190131171923_05230210_006_02.h5,geojsons/simplified_ANT_1000_East_B-C.geojson,AIS_2018-19_1000_East_B-C,geojsons/ANT_1000_East_B-C.geojson
ATL03_20190201060707_05310212_006_02.h5,geojsons/simplified_ANT_1000_East_B-C.geojson,AIS_2018-19_1000_East_B-C,geojsons/ANT_1000_East_B-C.geojson
ATL03_20190201165344_05380210_006_02.h5,geojsons/simplified_ANT_1000_East_B-C.geojson,AIS_2018-19_1000_East_B-C,geojsons/ANT_1000_East_B-C.geojson
ATL03_20190202054128_05460212_006_02.h5,geojsons/simplified_ANT_1000_East_B-C.geojson,AIS_2018-19_1000_East_B-C,geojsons/ANT_1000_East_B-C.geojson
ATL03_20190204171104_05840210_006_02.h5,geojsons/simplified_ANT_1000_East_B-C.geojson,AIS_2018-19_1000_East_B-C,geojsons/ANT_1000_East_B-C.geojson
ATL03_20190205055847_05920212_006_02.h5,geojsons/simplified_ANT_1000_East_B-C.geojson,AIS_2018-19_1000_East_B-C,geojsons/ANT_1000_East_B-C.geojson
ATL03_20190205164525_05990210_006_02.h5,geojsons/simplified_ANT_1000_East_B-C.geojson,AIS_2018-19_1000_East_B-C,geojsons/ANT_1000_East_B-C.geojson
ATL03_20190206053308_06070212_006_02.h5,geojsons/simplified_ANT_1000_East_B-C.geojson,AIS_2018-19_1000_East_B-C,geojsons/ANT_1000_East_B-C.geojson
ATL03_20190208170243_06450210_006_02.h5,geojsons/simplified_ANT_1000_East_B-C.geojson,AIS_2018-19_1000_East_B-C,geojsons/ANT_1000_East_B-C.geojson
ATL03_20190209055025_06530212_006_02.h5,geojsons/simplified_ANT_1000_East_B-C.geojson,AIS_2018-19_1000_East_B-C,geojsons/ANT_1000_East_B-C.geojson
ATL03_20190209163703_06600210_006_02.h5,geojsons/simplified_ANT_1000_East_B-C.geojson,AIS_2018-19_1000_East_B-C,geojsons/ANT_1000_East_B-C.geojson
ATL03_20190210052446_06680212_006_02.h5,geojsons/simplified_ANT_1000_East_B-C.geojson,AIS_2018-19_1000_East_B-C,geojsons/ANT_1000_East_B-C.geojson
ATL03_20190212165420_07060210_006_02.h5,geojsons/simplified_ANT_1000_East_B-C.geojson,AIS_2018-19_1000_East_B-C,geojsons/ANT_1000_East_B-C.geojson
ATL03_20190213054203_07140212_006_02.h5,geojsons/simplified_ANT_1000_East_B-C.geojson,AIS_2018-19_1000_East_B-C,geojsons/ANT_1000_East_B-C.geojson
ATL03_20190213162841_07210210_006_02.h5,geojsons/simplified_ANT_1000_East_B-C.geojson,AIS_2018-19_1000_East_B-C,geojsons/ANT_1000_East_B-C.geojson
ATL03_20190214051625_07290212_006_02.h5,geojsons/simplified_ANT_1000_East_B-C.geojson,AIS_2018-19_1000_East_B-C,geojsons/ANT_1000_East_B-C.geojson
ATL03_20190216164601_07670210_006_02.h5,geojsons/simplified_ANT_1000_East_B-C.geojson,AIS_2018-19_1000_East_B-C,geojsons/ANT_1000_East_B-C.geojson
ATL03_20190217053344_07750212_006_02.h5,geojsons/simplified_ANT_1000_East_B-C.geojson,AIS_2018-19_1000_East_B-C,geojsons/ANT_1000_East_B-C.geojson
ATL03_20190217162021_07820210_006_02.h5,geojsons/simplified_ANT_1000_East_B-C.geojson,AIS_2018-19_1000_East_B-C,geojsons/ANT_1000_East_B-C.geojson
ATL03_20190218050804_07900212_006_02.h5,geojsons/simplified_ANT_1000_East_B-C.geojson,AIS_2018-19_1000_East_B-C,geojsons/ANT_1000_East_B-C.geojson
ATL03_20190221052524_08360212_006_02.h5,geojsons/simplified_ANT_1000_East_B-C.geojson,AIS_2018-19_1000_East_B-C,geojsons/ANT_1000_East_B-C.geojson
ATL03_20190221161201_08430210_006_02.h5,geojsons/simplified_ANT_1000_East_B-C.geojson,AIS_2018-19_1000_East_B-C,geojsons/ANT_1000_East_B-C.geojson
ATL03_20190222045945_08510212_006_02.h5,geojsons/simplified_ANT_1000_East_B-C.geojson,AIS_2018-19_1000_East_B-C,geojsons/ANT_1000_East_B-C.geojson
ATL03_20190225051706_08970212_006_02.h5,geojsons/simplified_ANT_1000_East_B-C.geojson,AIS_2018-19_1000_East_B-C,geojsons/ANT_1000_East_B-C.geojson
ATL03_20190225160343_09040210_006_02.h5,geojsons/simplified_ANT_1000_East_B-C.geojson,AIS_2018-19_1000_East_B-C,geojsons/ANT_1000_East_B-C.geojson
ATL03_20190226045126_09120212_006_02.h5,geojsons/simplified_ANT_1000_East_B-C.geojson,AIS_2018-19_1000_East_B-C,geojsons/ANT_1000_East_B-C.geojson
ATL03_20190227042547_09270212_006_02.h5,geojsons/simplified_ANT_1000_East_B-C.geojson,AIS_2018-19_1000_East_B-C,geojsons/ANT_1000_East_B-C.geojson
ATL03_20190301155524_09650210_006_02.h5,geojsons/simplified_ANT_1000_East_B-C.geojson,AIS_2018-19_1000_East_B-C,geojsons/ANT_1000_East_B-C.geojson
ATL03_20190302044307_09730212_006_02.h5,geojsons/simplified_ANT_1000_East_B-C.geojson,AIS_2018-19_1000_East_B-C,geojsons/ANT_1000_East_B-C.geojson
ATL03_20190303041728_09880212_006_02.h5,geojsons/simplified_ANT_1000_East_B-C.geojson,AIS_2018-19_1000_East_B-C,geojsons/ANT_1000_East_B-C.geojson
ATL03_20190305154704_10260210_006_02.h5,geojsons/simplified_ANT_1000_East_B-C.geojson,AIS_2018-19_1000_East_B-C,geojsons/ANT_1000_East_B-C.geojson
ATL03_20190306043447_10340212_006_02.h5,geojsons/simplified_ANT_1000_East_B-C.geojson,AIS_2018-19_1000_East_B-C,geojsons/ANT_1000_East_B-C.geojson
ATL03_20190306152125_10410210_006_02.h5,geojsons/simplified_ANT_1000_East_B-C.geojson,AIS_2018-19_1000_East_B-C,geojsons/ANT_1000_East_B-C.geojson
ATL03_20190307040908_10490212_006_02.h5,geojsons/simplified_ANT_1000_East_B-C.geojson,AIS_2018-19_1000_East_B-C,geojsons/ANT_1000_East_B-C.geojson
ATL03_20190309153844_10870210_006_02.h5,geojsons/simplified_ANT_1000_East_B-C.geojson,AIS_2018-19_1000_East_B-C,geojsons/ANT_1000_East_B-C.geojson
ATL03_20190310042627_10950212_006_02.h5,geojsons/simplified_ANT_1000_East_B-C.geojson,AIS_2018-19_1000_East_B-C,geojsons/ANT_1000_East_B-C.geojson
ATL03_20190310151304_11020210_006_02.h5,geojsons/simplified_ANT_1000_East_B-C.geojson,AIS_2018-19_1000_East_B-C,geojsons/ANT_1000_East_B-C.geojson
ATL03_20190311040047_11100212_006_02.h5,geojsons/simplified_ANT_1000_East_B-C.geojson,AIS_2018-19_1000_East_B-C,geojsons/ANT_1000_East_B-C.geojson
ATL03_20190313153023_11480210_006_02.h5,geojsons/simplified_ANT_1000_East_B-C.geojson,AIS_2018-19_1000_East_B-C,geojsons/ANT_1000_East_B-C.geojson
ATL03_20190314041806_11560212_006_02.h5,geojsons/simplified_ANT_1000_East_B-C.geojson,AIS_2018-19_1000_East_B-C,geojsons/ANT_1000_East_B-C.geojson
ATL03_20190314150444_11630210_006_02.h5,geojsons/simplified_ANT_1000_East_B-C.geojson,AIS_2018-19_1000_East_B-C,geojsons/ANT_1000_East_B-C.geojson
ATL03_20190315035227_11710212_006_02.h5,geojsons/simplified_ANT_1000_East_B-C.geojson,AIS_2018-19_1000_East_B-C,geojsons/ANT_1000_East_B-C.geojson
ATL03_20190317152204_12090210_006_02.h5,geojsons/simplified_ANT_1000_East_B-C.geojson,AIS_2018-19_1000_East_B-C,geojsons/ANT_1000_East_B-C.geojson
ATL03_20190318040947_12170212_006_02.h5,geojsons/simplified_ANT_1000_East_B-C.geojson,AIS_2018-19_1000_East_B-C,geojsons/ANT_1000_East_B-C.geojson
ATL03_20190318145624_12240210_006_02.h5,geojsons/simplified_ANT_1000_East_B-C.geojson,AIS_2018-19_1000_East_B-C,geojsons/ANT_1000_East_B-C.geojson
ATL03_20190319034407_12320212_006_02.h5,geojsons/simplified_ANT_1000_East_B-C.geojson,AIS_2018-19_1000_East_B-C,geojsons/ANT_1000_East_B-C.geojson
ATL03_20190322040126_12780212_006_02.h5,geojsons/simplified_ANT_1000_East_B-C.geojson,AIS_2018-19_1000_East_B-C,geojsons/ANT_1000_East_B-C.geojson
ATL03_20190322144803_12850210_006_02.h5,geojsons/simplified_ANT_1000_East_B-C.geojson,AIS_2018-19_1000_East_B-C,geojsons/ANT_1000_East_B-C.geojson
ATL03_20190323033547_12930212_006_02.h5,geojsons/simplified_ANT_1000_East_B-C.geojson,AIS_2018-19_1000_East_B-C,geojsons/ANT_1000_East_B-C.geojson
ATL03_20190326035305_13390212_006_02.h5,geojsons/simplified_ANT_1000_East_B-C.geojson,AIS_2018-19_1000_East_B-C,geojsons/ANT_1000_East_B-C.geojson
ATL03_20190326143942_13460210_006_02.h5,geojsons/simplified_ANT_1000_East_B-C.geojson,AIS_2018-19_1000_East_B-C,geojsons/ANT_1000_East_B-C.geojson
ATL03_20190327032725_13540212_006_02.h5,geojsons/simplified_ANT_1000_East_B-C.geojson,AIS_2018-19_1000_East_B-C,geojsons/ANT_1000_East_B-C.geojson
ATL03_20190330034445_00130312_006_02.h5,geojsons/simplified_ANT_1000_East_B-C.geojson,AIS_2018-19_1000_East_B-C,geojsons/ANT_1000_East_B-C.geojson
ATL03_20190330143122_00200310_006_02.h5,geojsons/simplified_ANT_1000_East_B-C.geojson,AIS_2018-19_1000_East_B-C,geojsons/ANT_1000_East_B-C.geojson
ATL03_20190331031906_00280312_006_02.h5,geojsons/simplified_ANT_1000_East_B-C.geojson,AIS_2018-19_1000_East_B-C,geojsons/ANT_1000_East_B-C.geojson
ATL03_20201101104925_05840910_006_01.h5,geojsons/simplified_ANT_1000_East_B-C.geojson,AIS_2020-21_1000_East_B-C,geojsons/ANT_1000_East_B-C.geojson
ATL03_20201101233708_05920912_006_01.h5,geojsons/simplified_ANT_1000_East_B-C.geojson,AIS_2020-21_1000_East_B-C,geojsons/ANT_1000_East_B-C.geojson
ATL03_20201102102345_05990910_006_01.h5,geojsons/simplified_ANT_1000_East_B-C.geojson,AIS_2020-21_1000_East_B-C,geojsons/ANT_1000_East_B-C.geojson
ATL03_20201102231128_06070912_006_01.h5,geojsons/simplified_ANT_1000_East_B-C.geojson,AIS_2020-21_1000_East_B-C,geojsons/ANT_1000_East_B-C.geojson
ATL03_20201105104103_06450910_006_01.h5,geojsons/simplified_ANT_1000_East_B-C.geojson,AIS_2020-21_1000_East_B-C,geojsons/ANT_1000_East_B-C.geojson
ATL03_20201105232846_06530912_006_01.h5,geojsons/simplified_ANT_1000_East_B-C.geojson,AIS_2020-21_1000_East_B-C,geojsons/ANT_1000_East_B-C.geojson
ATL03_20201106101524_06600910_006_01.h5,geojsons/simplified_ANT_1000_East_B-C.geojson,AIS_2020-21_1000_East_B-C,geojsons/ANT_1000_East_B-C.geojson
ATL03_20201106230307_06680912_006_01.h5,geojsons/simplified_ANT_1000_East_B-C.geojson,AIS_2020-21_1000_East_B-C,geojsons/ANT_1000_East_B-C.geojson
ATL03_20201109103244_07060910_006_01.h5,geojsons/simplified_ANT_1000_East_B-C.geojson,AIS_2020-21_1000_East_B-C,geojsons/ANT_1000_East_B-C.geojson
ATL03_20201109232027_07140912_006_01.h5,geojsons/simplified_ANT_1000_East_B-C.geojson,AIS_2020-21_1000_East_B-C,geojsons/ANT_1000_East_B-C.geojson
ATL03_20201110100705_07210910_006_01.h5,geojsons/simplified_ANT_1000_East_B-C.geojson,AIS_2020-21_1000_East_B-C,geojsons/ANT_1000_East_B-C.geojson
ATL03_20201110225448_07290912_006_01.h5,geojsons/simplified_ANT_1000_East_B-C.geojson,AIS_2020-21_1000_East_B-C,geojsons/ANT_1000_East_B-C.geojson
ATL03_20201113102425_07670910_006_01.h5,geojsons/simplified_ANT_1000_East_B-C.geojson,AIS_2020-21_1000_East_B-C,geojsons/ANT_1000_East_B-C.geojson
ATL03_20201113231209_07750912_006_01.h5,geojsons/simplified_ANT_1000_East_B-C.geojson,AIS_2020-21_1000_East_B-C,geojsons/ANT_1000_East_B-C.geojson
ATL03_20201114095846_07820910_006_01.h5,geojsons/simplified_ANT_1000_East_B-C.geojson,AIS_2020-21_1000_East_B-C,geojsons/ANT_1000_East_B-C.geojson
ATL03_20201114224630_07900912_006_01.h5,geojsons/simplified_ANT_1000_East_B-C.geojson,AIS_2020-21_1000_East_B-C,geojsons/ANT_1000_East_B-C.geojson
ATL03_20201117230350_08360912_006_01.h5,geojsons/simplified_ANT_1000_East_B-C.geojson,AIS_2020-21_1000_East_B-C,geojsons/ANT_1000_East_B-C.geojson
ATL03_20201118095027_08430910_006_01.h5,geojsons/simplified_ANT_1000_East_B-C.geojson,AIS_2020-21_1000_East_B-C,geojsons/ANT_1000_East_B-C.geojson
ATL03_20201118223810_08510912_006_01.h5,geojsons/simplified_ANT_1000_East_B-C.geojson,AIS_2020-21_1000_East_B-C,geojsons/ANT_1000_East_B-C.geojson
ATL03_20201121225531_08970912_006_01.h5,geojsons/simplified_ANT_1000_East_B-C.geojson,AIS_2020-21_1000_East_B-C,geojsons/ANT_1000_East_B-C.geojson
ATL03_20201122094209_09040910_006_01.h5,geojsons/simplified_ANT_1000_East_B-C.geojson,AIS_2020-21_1000_East_B-C,geojsons/ANT_1000_East_B-C.geojson
ATL03_20201122222952_09120912_006_01.h5,geojsons/simplified_ANT_1000_East_B-C.geojson,AIS_2020-21_1000_East_B-C,geojsons/ANT_1000_East_B-C.geojson
ATL03_20201123220412_09270912_006_01.h5,geojsons/simplified_ANT_1000_East_B-C.geojson,AIS_2020-21_1000_East_B-C,geojsons/ANT_1000_East_B-C.geojson
ATL03_20201126093349_09650910_006_01.h5,geojsons/simplified_ANT_1000_East_B-C.geojson,AIS_2020-21_1000_East_B-C,geojsons/ANT_1000_East_B-C.geojson
ATL03_20201126222132_09730912_006_01.h5,geojsons/simplified_ANT_1000_East_B-C.geojson,AIS_2020-21_1000_East_B-C,geojsons/ANT_1000_East_B-C.geojson
ATL03_20201127215552_09880912_006_01.h5,geojsons/simplified_ANT_1000_East_B-C.geojson,AIS_2020-21_1000_East_B-C,geojsons/ANT_1000_East_B-C.geojson
ATL03_20201130092528_10260910_006_01.h5,geojsons/simplified_ANT_1000_East_B-C.geojson,AIS_2020-21_1000_East_B-C,geojsons/ANT_1000_East_B-C.geojson
ATL03_20201130221311_10340912_006_01.h5,geojsons/simplified_ANT_1000_East_B-C.geojson,AIS_2020-21_1000_East_B-C,geojsons/ANT_1000_East_B-C.geojson
ATL03_20201201085949_10410910_006_01.h5,geojsons/simplified_ANT_1000_East_B-C.geojson,AIS_2020-21_1000_East_B-C,geojsons/ANT_1000_East_B-C.geojson
ATL03_20201201214732_10490912_006_01.h5,geojsons/simplified_ANT_1000_East_B-C.geojson,AIS_2020-21_1000_East_B-C,geojsons/ANT_1000_East_B-C.geojson
ATL03_20201204091709_10870910_006_01.h5,geojsons/simplified_ANT_1000_East_B-C.geojson,AIS_2020-21_1000_East_B-C,geojsons/ANT_1000_East_B-C.geojson
ATL03_20201204220452_10950912_006_01.h5,geojsons/simplified_ANT_1000_East_B-C.geojson,AIS_2020-21_1000_East_B-C,geojsons/ANT_1000_East_B-C.geojson
ATL03_20201205085129_11020910_006_01.h5,geojsons/simplified_ANT_1000_East_B-C.geojson,AIS_2020-21_1000_East_B-C,geojsons/ANT_1000_East_B-C.geojson
ATL03_20201205213913_11100912_006_01.h5,geojsons/simplified_ANT_1000_East_B-C.geojson,AIS_2020-21_1000_East_B-C,geojsons/ANT_1000_East_B-C.geojson
ATL03_20201208090849_11480910_006_01.h5,geojsons/simplified_ANT_1000_East_B-C.geojson,AIS_2020-21_1000_East_B-C,geojsons/ANT_1000_East_B-C.geojson
ATL03_20201208215632_11560912_006_01.h5,geojsons/simplified_ANT_1000_East_B-C.geojson,AIS_2020-21_1000_East_B-C,geojsons/ANT_1000_East_B-C.geojson
ATL03_20201209084310_11630910_006_01.h5,geojsons/simplified_ANT_1000_East_B-C.geojson,AIS_2020-21_1000_East_B-C,geojsons/ANT_1000_East_B-C.geojson
ATL03_20201209213053_11710912_006_01.h5,geojsons/simplified_ANT_1000_East_B-C.geojson,AIS_2020-21_1000_East_B-C,geojsons/ANT_1000_East_B-C.geojson
ATL03_20201212090032_12090910_006_01.h5,geojsons/simplified_ANT_1000_East_B-C.geojson,AIS_2020-21_1000_East_B-C,geojsons/ANT_1000_East_B-C.geojson
ATL03_20201212214815_12170912_006_01.h5,geojsons/simplified_ANT_1000_East_B-C.geojson,AIS_2020-21_1000_East_B-C,geojsons/ANT_1000_East_B-C.geojson
ATL03_20201213083450_12240910_006_01.h5,geojsons/simplified_ANT_1000_East_B-C.geojson,AIS_2020-21_1000_East_B-C,geojsons/ANT_1000_East_B-C.geojson
ATL03_20201213212234_12320912_006_01.h5,geojsons/simplified_ANT_1000_East_B-C.geojson,AIS_2020-21_1000_East_B-C,geojsons/ANT_1000_East_B-C.geojson
ATL03_20201216213955_12780912_006_01.h5,geojsons/simplified_ANT_1000_East_B-C.geojson,AIS_2020-21_1000_East_B-C,geojsons/ANT_1000_East_B-C.geojson
ATL03_20201217082632_12850910_006_01.h5,geojsons/simplified_ANT_1000_East_B-C.geojson,AIS_2020-21_1000_East_B-C,geojsons/ANT_1000_East_B-C.geojson
ATL03_20201217211415_12930912_006_01.h5,geojsons/simplified_ANT_1000_East_B-C.geojson,AIS_2020-21_1000_East_B-C,geojsons/ANT_1000_East_B-C.geojson
ATL03_20201220213135_13390912_006_01.h5,geojsons/simplified_ANT_1000_East_B-C.geojson,AIS_2020-21_1000_East_B-C,geojsons/ANT_1000_East_B-C.geojson
ATL03_20201221081813_13460910_006_01.h5,geojsons/simplified_ANT_1000_East_B-C.geojson,AIS_2020-21_1000_East_B-C,geojsons/ANT_1000_East_B-C.geojson
ATL03_20201224212315_00131012_006_01.h5,geojsons/simplified_ANT_1000_East_B-C.geojson,AIS_2020-21_1000_East_B-C,geojsons/ANT_1000_East_B-C.geojson
ATL03_20201225080953_00201010_006_01.h5,geojsons/simplified_ANT_1000_East_B-C.geojson,AIS_2020-21_1000_East_B-C,geojsons/ANT_1000_East_B-C.geojson
ATL03_20201225205736_00281012_006_01.h5,geojsons/simplified_ANT_1000_East_B-C.geojson,AIS_2020-21_1000_East_B-C,geojsons/ANT_1000_East_B-C.geojson
ATL03_20201226203157_00431012_006_01.h5,geojsons/simplified_ANT_1000_East_B-C.geojson,AIS_2020-21_1000_East_B-C,geojsons/ANT_1000_East_B-C.geojson
ATL03_20201229080133_00811010_006_01.h5,geojsons/simplified_ANT_1000_East_B-C.geojson,AIS_2020-21_1000_East_B-C,geojsons/ANT_1000_East_B-C.geojson
ATL03_20201229204916_00891012_006_01.h5,geojsons/simplified_ANT_1000_East_B-C.geojson,AIS_2020-21_1000_East_B-C,geojsons/ANT_1000_East_B-C.geojson
ATL03_20201230073554_00961010_006_01.h5,geojsons/simplified_ANT_1000_East_B-C.geojson,AIS_2020-21_1000_East_B-C,geojsons/ANT_1000_East_B-C.geojson
ATL03_20201230202338_01041012_006_01.h5,geojsons/simplified_ANT_1000_East_B-C.geojson,AIS_2020-21_1000_East_B-C,geojsons/ANT_1000_East_B-C.geojson
ATL03_20210102075314_01421010_006_01.h5,geojsons/simplified_ANT_1000_East_B-C.geojson,AIS_2020-21_1000_East_B-C,geojsons/ANT_1000_East_B-C.geojson
ATL03_20210102204058_01501012_006_01.h5,geojsons/simplified_ANT_1000_East_B-C.geojson,AIS_2020-21_1000_East_B-C,geojsons/ANT_1000_East_B-C.geojson
ATL03_20210103072735_01571010_006_01.h5,geojsons/simplified_ANT_1000_East_B-C.geojson,AIS_2020-21_1000_East_B-C,geojsons/ANT_1000_East_B-C.geojson
ATL03_20210103201518_01651012_006_01.h5,geojsons/simplified_ANT_1000_East_B-C.geojson,AIS_2020-21_1000_East_B-C,geojsons/ANT_1000_East_B-C.geojson
ATL03_20210106074454_02031010_006_01.h5,geojsons/simplified_ANT_1000_East_B-C.geojson,AIS_2020-21_1000_East_B-C,geojsons/ANT_1000_East_B-C.geojson
ATL03_20210106203237_02111012_006_01.h5,geojsons/simplified_ANT_1000_East_B-C.geojson,AIS_2020-21_1000_East_B-C,geojsons/ANT_1000_East_B-C.geojson
ATL03_20210107071914_02181010_006_01.h5,geojsons/simplified_ANT_1000_East_B-C.geojson,AIS_2020-21_1000_East_B-C,geojsons/ANT_1000_East_B-C.geojson
ATL03_20210107200658_02261012_006_01.h5,geojsons/simplified_ANT_1000_East_B-C.geojson,AIS_2020-21_1000_East_B-C,geojsons/ANT_1000_East_B-C.geojson
ATL03_20210110073636_02641010_006_01.h5,geojsons/simplified_ANT_1000_East_B-C.geojson,AIS_2020-21_1000_East_B-C,geojsons/ANT_1000_East_B-C.geojson
ATL03_20210110202420_02721012_006_01.h5,geojsons/simplified_ANT_1000_East_B-C.geojson,AIS_2020-21_1000_East_B-C,geojsons/ANT_1000_East_B-C.geojson
ATL03_20210111071058_02791010_006_01.h5,geojsons/simplified_ANT_1000_East_B-C.geojson,AIS_2020-21_1000_East_B-C,geojsons/ANT_1000_East_B-C.geojson
ATL03_20210111195841_02871012_006_01.h5,geojsons/simplified_ANT_1000_East_B-C.geojson,AIS_2020-21_1000_East_B-C,geojsons/ANT_1000_East_B-C.geojson
ATL03_20210114201558_03331012_006_01.h5,geojsons/simplified_ANT_1000_East_B-C.geojson,AIS_2020-21_1000_East_B-C,geojsons/ANT_1000_East_B-C.geojson
ATL03_20210115070236_03401010_006_01.h5,geojsons/simplified_ANT_1000_East_B-C.geojson,AIS_2020-21_1000_East_B-C,geojsons/ANT_1000_East_B-C.geojson
ATL03_20210115195020_03481012_006_01.h5,geojsons/simplified_ANT_1000_East_B-C.geojson,AIS_2020-21_1000_East_B-C,geojsons/ANT_1000_East_B-C.geojson
ATL03_20210118200736_03941012_006_01.h5,geojsons/simplified_ANT_1000_East_B-C.geojson,AIS_2020-21_1000_East_B-C,geojsons/ANT_1000_East_B-C.geojson
ATL03_20210119065414_04011010_006_01.h5,geojsons/simplified_ANT_1000_East_B-C.geojson,AIS_2020-21_1000_East_B-C,geojsons/ANT_1000_East_B-C.geojson
ATL03_20210119194158_04091012_006_01.h5,geojsons/simplified_ANT_1000_East_B-C.geojson,AIS_2020-21_1000_East_B-C,geojsons/ANT_1000_East_B-C.geojson
ATL03_20210122195922_04551012_006_01.h5,geojsons/simplified_ANT_1000_East_B-C.geojson,AIS_2020-21_1000_East_B-C,geojsons/ANT_1000_East_B-C.geojson
ATL03_20210123064559_04621010_006_01.h5,geojsons/simplified_ANT_1000_East_B-C.geojson,AIS_2020-21_1000_East_B-C,geojsons/ANT_1000_East_B-C.geojson
ATL03_20210123193342_04701012_006_01.h5,geojsons/simplified_ANT_1000_East_B-C.geojson,AIS_2020-21_1000_East_B-C,geojsons/ANT_1000_East_B-C.geojson
ATL03_20210124190802_04851012_006_01.h5,geojsons/simplified_ANT_1000_East_B-C.geojson,AIS_2020-21_1000_East_B-C,geojsons/ANT_1000_East_B-C.geojson
ATL03_20210127063739_05231010_006_01.h5,geojsons/simplified_ANT_1000_East_B-C.geojson,AIS_2020-21_1000_East_B-C,geojsons/ANT_1000_East_B-C.geojson
ATL03_20210127192522_05311012_006_01.h5,geojsons/simplified_ANT_1000_East_B-C.geojson,AIS_2020-21_1000_East_B-C,geojsons/ANT_1000_East_B-C.geojson
ATL03_20210128061201_05381010_006_01.h5,geojsons/simplified_ANT_1000_East_B-C.geojson,AIS_2020-21_1000_East_B-C,geojsons/ANT_1000_East_B-C.geojson
ATL03_20210128185944_05461012_006_01.h5,geojsons/simplified_ANT_1000_East_B-C.geojson,AIS_2020-21_1000_East_B-C,geojsons/ANT_1000_East_B-C.geojson
ATL03_20210131062919_05841010_006_01.h5,geojsons/simplified_ANT_1000_East_B-C.geojson,AIS_2020-21_1000_East_B-C,geojsons/ANT_1000_East_B-C.geojson
ATL03_20210131191702_05921012_006_01.h5,geojsons/simplified_ANT_1000_East_B-C.geojson,AIS_2020-21_1000_East_B-C,geojsons/ANT_1000_East_B-C.geojson
ATL03_20210201060339_05991010_006_01.h5,geojsons/simplified_ANT_1000_East_B-C.geojson,AIS_2020-21_1000_East_B-C,geojsons/ANT_1000_East_B-C.geojson
ATL03_20210201185122_06071012_006_01.h5,geojsons/simplified_ANT_1000_East_B-C.geojson,AIS_2020-21_1000_East_B-C,geojsons/ANT_1000_East_B-C.geojson
ATL03_20210204062059_06451010_006_01.h5,geojsons/simplified_ANT_1000_East_B-C.geojson,AIS_2020-21_1000_East_B-C,geojsons/ANT_1000_East_B-C.geojson
ATL03_20210204190842_06531012_006_01.h5,geojsons/simplified_ANT_1000_East_B-C.geojson,AIS_2020-21_1000_East_B-C,geojsons/ANT_1000_East_B-C.geojson
ATL03_20210205055521_06601010_006_01.h5,geojsons/simplified_ANT_1000_East_B-C.geojson,AIS_2020-21_1000_East_B-C,geojsons/ANT_1000_East_B-C.geojson
ATL03_20210205184304_06681012_006_01.h5,geojsons/simplified_ANT_1000_East_B-C.geojson,AIS_2020-21_1000_East_B-C,geojsons/ANT_1000_East_B-C.geojson
ATL03_20210208061240_07061010_006_01.h5,geojsons/simplified_ANT_1000_East_B-C.geojson,AIS_2020-21_1000_East_B-C,geojsons/ANT_1000_East_B-C.geojson
ATL03_20210208190023_07141012_006_01.h5,geojsons/simplified_ANT_1000_East_B-C.geojson,AIS_2020-21_1000_East_B-C,geojsons/ANT_1000_East_B-C.geojson
ATL03_20210209054700_07211010_006_01.h5,geojsons/simplified_ANT_1000_East_B-C.geojson,AIS_2020-21_1000_East_B-C,geojsons/ANT_1000_East_B-C.geojson
ATL03_20210209183444_07291012_006_01.h5,geojsons/simplified_ANT_1000_East_B-C.geojson,AIS_2020-21_1000_East_B-C,geojsons/ANT_1000_East_B-C.geojson
ATL03_20210212060421_07671010_006_01.h5,geojsons/simplified_ANT_1000_East_B-C.geojson,AIS_2020-21_1000_East_B-C,geojsons/ANT_1000_East_B-C.geojson
ATL03_20210212185204_07751012_006_01.h5,geojsons/simplified_ANT_1000_East_B-C.geojson,AIS_2020-21_1000_East_B-C,geojsons/ANT_1000_East_B-C.geojson
ATL03_20210213053841_07821010_006_01.h5,geojsons/simplified_ANT_1000_East_B-C.geojson,AIS_2020-21_1000_East_B-C,geojsons/ANT_1000_East_B-C.geojson
ATL03_20210213182624_07901012_006_01.h5,geojsons/simplified_ANT_1000_East_B-C.geojson,AIS_2020-21_1000_East_B-C,geojsons/ANT_1000_East_B-C.geojson
ATL03_20210216184343_08361012_006_01.h5,geojsons/simplified_ANT_1000_East_B-C.geojson,AIS_2020-21_1000_East_B-C,geojsons/ANT_1000_East_B-C.geojson
ATL03_20210217053020_08431010_006_01.h5,geojsons/simplified_ANT_1000_East_B-C.geojson,AIS_2020-21_1000_East_B-C,geojsons/ANT_1000_East_B-C.geojson
ATL03_20210217181804_08511012_006_01.h5,geojsons/simplified_ANT_1000_East_B-C.geojson,AIS_2020-21_1000_East_B-C,geojsons/ANT_1000_East_B-C.geojson
ATL03_20210220183524_08971012_006_01.h5,geojsons/simplified_ANT_1000_East_B-C.geojson,AIS_2020-21_1000_East_B-C,geojsons/ANT_1000_East_B-C.geojson
ATL03_20210221052202_09041010_006_01.h5,geojsons/simplified_ANT_1000_East_B-C.geojson,AIS_2020-21_1000_East_B-C,geojsons/ANT_1000_East_B-C.geojson
ATL03_20210221180945_09121012_006_01.h5,geojsons/simplified_ANT_1000_East_B-C.geojson,AIS_2020-21_1000_East_B-C,geojsons/ANT_1000_East_B-C.geojson
ATL03_20210222174406_09271012_006_01.h5,geojsons/simplified_ANT_1000_East_B-C.geojson,AIS_2020-21_1000_East_B-C,geojsons/ANT_1000_East_B-C.geojson
ATL03_20210225051340_09651010_006_01.h5,geojsons/simplified_ANT_1000_East_B-C.geojson,AIS_2020-21_1000_East_B-C,geojsons/ANT_1000_East_B-C.geojson
ATL03_20210225180123_09731012_006_01.h5,geojsons/simplified_ANT_1000_East_B-C.geojson,AIS_2020-21_1000_East_B-C,geojsons/ANT_1000_East_B-C.geojson
ATL03_20210226173544_09881012_006_01.h5,geojsons/simplified_ANT_1000_East_B-C.geojson,AIS_2020-21_1000_East_B-C,geojsons/ANT_1000_East_B-C.geojson
ATL03_20210301050520_10261010_006_01.h5,geojsons/simplified_ANT_1000_East_B-C.geojson,AIS_2020-21_1000_East_B-C,geojsons/ANT_1000_East_B-C.geojson
ATL03_20210301175303_10341012_006_01.h5,geojsons/simplified_ANT_1000_East_B-C.geojson,AIS_2020-21_1000_East_B-C,geojsons/ANT_1000_East_B-C.geojson
ATL03_20210302043942_10411010_006_01.h5,geojsons/simplified_ANT_1000_East_B-C.geojson,AIS_2020-21_1000_East_B-C,geojsons/ANT_1000_East_B-C.geojson
ATL03_20210302172725_10491012_006_01.h5,geojsons/simplified_ANT_1000_East_B-C.geojson,AIS_2020-21_1000_East_B-C,geojsons/ANT_1000_East_B-C.geojson
ATL03_20210305045702_10871010_006_01.h5,geojsons/simplified_ANT_1000_East_B-C.geojson,AIS_2020-21_1000_East_B-C,geojsons/ANT_1000_East_B-C.geojson
ATL03_20210305174446_10951012_006_01.h5,geojsons/simplified_ANT_1000_East_B-C.geojson,AIS_2020-21_1000_East_B-C,geojsons/ANT_1000_East_B-C.geojson
ATL03_20210306043124_11021010_006_01.h5,geojsons/simplified_ANT_1000_East_B-C.geojson,AIS_2020-21_1000_East_B-C,geojsons/ANT_1000_East_B-C.geojson
ATL03_20210306171907_11101012_006_01.h5,geojsons/simplified_ANT_1000_East_B-C.geojson,AIS_2020-21_1000_East_B-C,geojsons/ANT_1000_East_B-C.geojson
ATL03_20210309044842_11481010_006_01.h5,geojsons/simplified_ANT_1000_East_B-C.geojson,AIS_2020-21_1000_East_B-C,geojsons/ANT_1000_East_B-C.geojson
ATL03_20210309173625_11561012_006_01.h5,geojsons/simplified_ANT_1000_East_B-C.geojson,AIS_2020-21_1000_East_B-C,geojsons/ANT_1000_East_B-C.geojson
ATL03_20210310042303_11631010_006_01.h5,geojsons/simplified_ANT_1000_East_B-C.geojson,AIS_2020-21_1000_East_B-C,geojsons/ANT_1000_East_B-C.geojson
ATL03_20210310171046_11711012_006_01.h5,geojsons/simplified_ANT_1000_East_B-C.geojson,AIS_2020-21_1000_East_B-C,geojsons/ANT_1000_East_B-C.geojson
ATL03_20210313044023_12091010_006_01.h5,geojsons/simplified_ANT_1000_East_B-C.geojson,AIS_2020-21_1000_East_B-C,geojsons/ANT_1000_East_B-C.geojson
ATL03_20210313172806_12171012_006_01.h5,geojsons/simplified_ANT_1000_East_B-C.geojson,AIS_2020-21_1000_East_B-C,geojsons/ANT_1000_East_B-C.geojson
ATL03_20210314041446_12241010_006_01.h5,geojsons/simplified_ANT_1000_East_B-C.geojson,AIS_2020-21_1000_East_B-C,geojsons/ANT_1000_East_B-C.geojson
ATL03_20210314170230_12321012_006_01.h5,geojsons/simplified_ANT_1000_East_B-C.geojson,AIS_2020-21_1000_East_B-C,geojsons/ANT_1000_East_B-C.geojson
ATL03_20210317171945_12781012_006_01.h5,geojsons/simplified_ANT_1000_East_B-C.geojson,AIS_2020-21_1000_East_B-C,geojsons/ANT_1000_East_B-C.geojson
ATL03_20210318040622_12851010_006_01.h5,geojsons/simplified_ANT_1000_East_B-C.geojson,AIS_2020-21_1000_East_B-C,geojsons/ANT_1000_East_B-C.geojson
ATL03_20210318165405_12931012_006_01.h5,geojsons/simplified_ANT_1000_East_B-C.geojson,AIS_2020-21_1000_East_B-C,geojsons/ANT_1000_East_B-C.geojson
ATL03_20210321171126_13391012_006_01.h5,geojsons/simplified_ANT_1000_East_B-C.geojson,AIS_2020-21_1000_East_B-C,geojsons/ANT_1000_East_B-C.geojson
ATL03_20210322035803_13461010_006_01.h5,geojsons/simplified_ANT_1000_East_B-C.geojson,AIS_2020-21_1000_East_B-C,geojsons/ANT_1000_East_B-C.geojson
ATL03_20210322164547_13541012_006_01.h5,geojsons/simplified_ANT_1000_East_B-C.geojson,AIS_2020-21_1000_East_B-C,geojsons/ANT_1000_East_B-C.geojson
ATL03_20210325170306_00131112_006_01.h5,geojsons/simplified_ANT_1000_East_B-C.geojson,AIS_2020-21_1000_East_B-C,geojsons/ANT_1000_East_B-C.geojson
ATL03_20210326034944_00201110_006_01.h5,geojsons/simplified_ANT_1000_East_B-C.geojson,AIS_2020-21_1000_East_B-C,geojsons/ANT_1000_East_B-C.geojson
ATL03_20210326163727_00281112_006_01.h5,geojsons/simplified_ANT_1000_East_B-C.geojson,AIS_2020-21_1000_East_B-C,geojsons/ANT_1000_East_B-C.geojson
ATL03_20210327161149_00431112_006_01.h5,geojsons/simplified_ANT_1000_East_B-C.geojson,AIS_2020-21_1000_East_B-C,geojsons/ANT_1000_East_B-C.geojson
ATL03_20210330034125_00811110_006_01.h5,geojsons/simplified_ANT_1000_East_B-C.geojson,AIS_2020-21_1000_East_B-C,geojsons/ANT_1000_East_B-C.geojson
ATL03_20210330162908_00891112_006_01.h5,geojsons/simplified_ANT_1000_East_B-C.geojson,AIS_2020-21_1000_East_B-C,geojsons/ANT_1000_East_B-C.geojson
ATL03_20210331031546_00961110_006_01.h5,geojsons/simplified_ANT_1000_East_B-C.geojson,AIS_2020-21_1000_East_B-C,geojsons/ANT_1000_East_B-C.geojson
ATL03_20210331160329_01041112_006_01.h5,geojsons/simplified_ANT_1000_East_B-C.geojson,AIS_2020-21_1000_East_B-C,geojsons/ANT_1000_East_B-C.geojson
