ATL03_20190502215043_05290305_006_02.h5,geojsons/simplified_GRE_2000_CW.geojson,GrIS_2019_2000_CW,geojsons/GRE_2000_CW.geojson,2634.1677770614624
ATL03_20190503084011_05360303_006_02.h5,geojsons/simplified_GRE_2000_CW.geojson,GrIS_2019_2000_CW,geojsons/GRE_2000_CW.geojson,2209.1200828552246
ATL03_20190503212504_05440305_006_02.h5,geojsons/simplified_GRE_2000_CW.geojson,GrIS_2019_2000_CW,geojsons/GRE_2000_CW.geojson,2171.890387535095
ATL03_20190507083151_05970303_006_02.h5,geojsons/simplified_GRE_2000_CW.geojson,GrIS_2019_2000_CW,geojsons/GRE_2000_CW.geojson,2498.196455001831
ATL03_20190507211645_06050305_006_02.h5,geojsons/simplified_GRE_2000_CW.geojson,GrIS_2019_2000_CW,geojsons/GRE_2000_CW.geojson,2824.7342472076416
ATL03_20190511082331_06580303_006_02.h5,geojsons/simplified_GRE_2000_CW.geojson,GrIS_2019_2000_CW,geojsons/GRE_2000_CW.geojson,2064.825373649597
ATL03_20190511210825_06660305_006_02.h5,geojsons/simplified_GRE_2000_CW.geojson,GrIS_2019_2000_CW,geojsons/GRE_2000_CW.geojson,3203.869697570801
ATL03_20190515081511_07190303_006_02.h5,geojsons/simplified_GRE_2000_CW.geojson,GrIS_2019_2000_CW,geojsons/GRE_2000_CW.geojson,1658.619071006775
ATL03_20190515210004_07270305_006_02.h5,geojsons/simplified_GRE_2000_CW.geojson,GrIS_2019_2000_CW,geojsons/GRE_2000_CW.geojson,3789.127360343933
ATL03_20190519080649_07800303_006_02.h5,geojsons/simplified_GRE_2000_CW.geojson,GrIS_2019_2000_CW,geojsons/GRE_2000_CW.geojson,2133.454351425171
ATL03_20190519205142_07880305_006_02.h5,geojsons/simplified_GRE_2000_CW.geojson,GrIS_2019_2000_CW,geojsons/GRE_2000_CW.geojson,3627.398247718811
ATL03_20190523075828_08410303_006_02.h5,geojsons/simplified_GRE_2000_CW.geojson,GrIS_2019_2000_CW,geojsons/GRE_2000_CW.geojson,3469.1600465774536
ATL03_20190523204321_08490305_006_02.h5,geojsons/simplified_GRE_2000_CW.geojson,GrIS_2019_2000_CW,geojsons/GRE_2000_CW.geojson,3697.5138664245605
ATL03_20190524201742_08640305_006_02.h5,geojsons/simplified_GRE_2000_CW.geojson,GrIS_2019_2000_CW,geojsons/GRE_2000_CW.geojson,3068.0370292663574
ATL03_20190527075008_09020303_006_02.h5,geojsons/simplified_GRE_2000_CW.geojson,GrIS_2019_2000_CW,geojsons/GRE_2000_CW.geojson,3262.0397663116455
ATL03_20190527203501_09100305_006_02.h5,geojsons/simplified_GRE_2000_CW.geojson,GrIS_2019_2000_CW,geojsons/GRE_2000_CW.geojson,3346.456645011902
ATL03_20190528200922_09250305_006_02.h5,geojsons/simplified_GRE_2000_CW.geojson,GrIS_2019_2000_CW,geojsons/GRE_2000_CW.geojson,3163.3268394470215
ATL03_20190531074148_09630303_006_02.h5,geojsons/simplified_GRE_2000_CW.geojson,GrIS_2019_2000_CW,geojsons/GRE_2000_CW.geojson,2773.5535135269165
ATL03_20190531202641_09710305_006_02.h5,geojsons/simplified_GRE_2000_CW.geojson,GrIS_2019_2000_CW,geojsons/GRE_2000_CW.geojson,3209.082226753235
ATL03_20190601071608_09780303_006_02.h5,geojsons/simplified_GRE_2000_CW.geojson,GrIS_2019_2000_CW,geojsons/GRE_2000_CW.geojson,1918.5547876358032
ATL03_20190601200102_09860305_006_02.h5,geojsons/simplified_GRE_2000_CW.geojson,GrIS_2019_2000_CW,geojsons/GRE_2000_CW.geojson,3477.2001905441284
ATL03_20190605070748_10390303_006_02.h5,geojsons/simplified_GRE_2000_CW.geojson,GrIS_2019_2000_CW,geojsons/GRE_2000_CW.geojson,2166.6822242736816
ATL03_20190605195242_10470305_006_02.h5,geojsons/simplified_GRE_2000_CW.geojson,GrIS_2019_2000_CW,geojsons/GRE_2000_CW.geojson,4502.52065372467
ATL03_20190609065929_11000303_006_02.h5,geojsons/simplified_GRE_2000_CW.geojson,GrIS_2019_2000_CW,geojsons/GRE_2000_CW.geojson,1545.7550535202026
ATL03_20190609194422_11080305_006_02.h5,geojsons/simplified_GRE_2000_CW.geojson,GrIS_2019_2000_CW,geojsons/GRE_2000_CW.geojson,3153.0616703033447
ATL03_20190613065109_11610303_006_02.h5,geojsons/simplified_GRE_2000_CW.geojson,GrIS_2019_2000_CW,geojsons/GRE_2000_CW.geojson,1822.2042589187622
ATL03_20190613193602_11690305_006_02.h5,geojsons/simplified_GRE_2000_CW.geojson,GrIS_2019_2000_CW,geojsons/GRE_2000_CW.geojson,5585.182540893555
ATL03_20190617064249_12220303_006_02.h5,geojsons/simplified_GRE_2000_CW.geojson,GrIS_2019_2000_CW,geojsons/GRE_2000_CW.geojson,1983.5614957809448
ATL03_20190617192743_12300305_006_02.h5,geojsons/simplified_GRE_2000_CW.geojson,GrIS_2019_2000_CW,geojsons/GRE_2000_CW.geojson,3715.0757970809937
ATL03_20190621063429_12830303_006_02.h5,geojsons/simplified_GRE_2000_CW.geojson,GrIS_2019_2000_CW,geojsons/GRE_2000_CW.geojson,2067.8847522735596
ATL03_20190621191922_12910305_006_02.h5,geojsons/simplified_GRE_2000_CW.geojson,GrIS_2019_2000_CW,geojsons/GRE_2000_CW.geojson,5076.289639472961
ATL03_20190622185343_13060305_006_02.h5,geojsons/simplified_GRE_2000_CW.geojson,GrIS_2019_2000_CW,geojsons/GRE_2000_CW.geojson,3098.4051027297974
ATL03_20190625062608_13440303_006_02.h5,geojsons/simplified_GRE_2000_CW.geojson,GrIS_2019_2000_CW,geojsons/GRE_2000_CW.geojson,1931.3732166290283
ATL03_20190625191102_13520305_006_02.h5,geojsons/simplified_GRE_2000_CW.geojson,GrIS_2019_2000_CW,geojsons/GRE_2000_CW.geojson,5907.716694831848
ATL03_20190712052659_02160403_006_02.h5,geojsons/simplified_GRE_2000_CW.geojson,GrIS_2019_2000_CW,geojsons/GRE_2000_CW.geojson,1684.6420803070068
ATL03_20190712181153_02240405_006_02.h5,geojsons/simplified_GRE_2000_CW.geojson,GrIS_2019_2000_CW,geojsons/GRE_2000_CW.geojson,4131.373685836792
ATL03_20190716051841_02770403_006_02.h5,geojsons/simplified_GRE_2000_CW.geojson,GrIS_2019_2000_CW,geojsons/GRE_2000_CW.geojson,1552.5777196884155
ATL03_20190716180335_02850405_006_02.h5,geojsons/simplified_GRE_2000_CW.geojson,GrIS_2019_2000_CW,geojsons/GRE_2000_CW.geojson,6164.93373966217
ATL03_20190720051023_03380403_006_02.h5,geojsons/simplified_GRE_2000_CW.geojson,GrIS_2019_2000_CW,geojsons/GRE_2000_CW.geojson,806.5973529815674
ATL03_20190720175517_03460405_006_02.h5,geojsons/simplified_GRE_2000_CW.geojson,GrIS_2019_2000_CW,geojsons/GRE_2000_CW.geojson,3208.08291721344
ATL03_20190724050206_03990403_006_02.h5,geojsons/simplified_GRE_2000_CW.geojson,GrIS_2019_2000_CW,geojsons/GRE_2000_CW.geojson,1458.7315673828125
ATL03_20190724174700_04070405_006_02.h5,geojsons/simplified_GRE_2000_CW.geojson,GrIS_2019_2000_CW,geojsons/GRE_2000_CW.geojson,4756.343321800232
ATL03_20190725172121_04220405_006_02.h5,geojsons/simplified_GRE_2000_CW.geojson,GrIS_2019_2000_CW,geojsons/GRE_2000_CW.geojson,3708.2251949310303
ATL03_20190728045349_04600403_006_02.h5,geojsons/simplified_GRE_2000_CW.geojson,GrIS_2019_2000_CW,geojsons/GRE_2000_CW.geojson,1090.2292890548706
ATL03_20190728173843_04680405_006_02.h5,geojsons/simplified_GRE_2000_CW.geojson,GrIS_2019_2000_CW,geojsons/GRE_2000_CW.geojson,4028.364698410034
ATL03_20190729171304_04830405_006_02.h5,geojsons/simplified_GRE_2000_CW.geojson,GrIS_2019_2000_CW,geojsons/GRE_2000_CW.geojson,3282.0500993728638
ATL03_20190801173024_05290405_006_02.h5,geojsons/simplified_GRE_2000_CW.geojson,GrIS_2019_2000_CW,geojsons/GRE_2000_CW.geojson,3251.9682512283325
ATL03_20190802041952_05360403_006_02.h5,geojsons/simplified_GRE_2000_CW.geojson,GrIS_2019_2000_CW,geojsons/GRE_2000_CW.geojson,1379.2918844223022
ATL03_20190802170446_05440405_006_02.h5,geojsons/simplified_GRE_2000_CW.geojson,GrIS_2019_2000_CW,geojsons/GRE_2000_CW.geojson,3606.39022731781
ATL03_20190806041133_05970403_006_02.h5,geojsons/simplified_GRE_2000_CW.geojson,GrIS_2019_2000_CW,geojsons/GRE_2000_CW.geojson,1195.5139627456665
ATL03_20190806165626_06050405_006_02.h5,geojsons/simplified_GRE_2000_CW.geojson,GrIS_2019_2000_CW,geojsons/GRE_2000_CW.geojson,3638.853777885437
ATL03_20190810040312_06580403_006_02.h5,geojsons/simplified_GRE_2000_CW.geojson,GrIS_2019_2000_CW,geojsons/GRE_2000_CW.geojson,1447.6854782104492
ATL03_20190810164806_06660405_006_02.h5,geojsons/simplified_GRE_2000_CW.geojson,GrIS_2019_2000_CW,geojsons/GRE_2000_CW.geojson,3792.3086128234863
ATL03_20190814035453_07190403_006_02.h5,geojsons/simplified_GRE_2000_CW.geojson,GrIS_2019_2000_CW,geojsons/GRE_2000_CW.geojson,1468.648229598999
ATL03_20190814163946_07270405_006_02.h5,geojsons/simplified_GRE_2000_CW.geojson,GrIS_2019_2000_CW,geojsons/GRE_2000_CW.geojson,3921.9980640411377
ATL03_20190818034635_07800403_006_02.h5,geojsons/simplified_GRE_2000_CW.geojson,GrIS_2019_2000_CW,geojsons/GRE_2000_CW.geojson,970.8198404312134
ATL03_20190818163128_07880405_006_02.h5,geojsons/simplified_GRE_2000_CW.geojson,GrIS_2019_2000_CW,geojsons/GRE_2000_CW.geojson,4305.7804708480835
ATL03_20190822162310_08490405_006_02.h5,geojsons/simplified_GRE_2000_CW.geojson,GrIS_2019_2000_CW,geojsons/GRE_2000_CW.geojson,4936.603890419006
ATL03_20190823155731_08640405_006_02.h5,geojsons/simplified_GRE_2000_CW.geojson,GrIS_2019_2000_CW,geojsons/GRE_2000_CW.geojson,3080.867392539978
ATL03_20190826032957_09020403_006_02.h5,geojsons/simplified_GRE_2000_CW.geojson,GrIS_2019_2000_CW,geojsons/GRE_2000_CW.geojson,876.5671005249023
ATL03_20190826161450_09100405_006_02.h5,geojsons/simplified_GRE_2000_CW.geojson,GrIS_2019_2000_CW,geojsons/GRE_2000_CW.geojson,3377.8688011169434
ATL03_20190827154911_09250405_006_02.h5,geojsons/simplified_GRE_2000_CW.geojson,GrIS_2019_2000_CW,geojsons/GRE_2000_CW.geojson,3515.3280715942383
ATL03_20190830032137_09630403_006_02.h5,geojsons/simplified_GRE_2000_CW.geojson,GrIS_2019_2000_CW,geojsons/GRE_2000_CW.geojson,753.0338249206543
ATL03_20190830160630_09710405_006_02.h5,geojsons/simplified_GRE_2000_CW.geojson,GrIS_2019_2000_CW,geojsons/GRE_2000_CW.geojson,3158.9268341064453
ATL03_20190831025558_09780403_006_02.h5,geojsons/simplified_GRE_2000_CW.geojson,GrIS_2019_2000_CW,geojsons/GRE_2000_CW.geojson,1655.0405893325806
ATL03_20190831154051_09860405_006_02.h5,geojsons/simplified_GRE_2000_CW.geojson,GrIS_2019_2000_CW,geojsons/GRE_2000_CW.geojson,3513.6985244750977
ATL03_20190904024737_10390403_006_02.h5,geojsons/simplified_GRE_2000_CW.geojson,GrIS_2019_2000_CW,geojsons/GRE_2000_CW.geojson,1014.0008678436279
ATL03_20190904153231_10470405_006_02.h5,geojsons/simplified_GRE_2000_CW.geojson,GrIS_2019_2000_CW,geojsons/GRE_2000_CW.geojson,3618.608988761902
ATL03_20190908023918_11000403_006_02.h5,geojsons/simplified_GRE_2000_CW.geojson,GrIS_2019_2000_CW,geojsons/GRE_2000_CW.geojson,562.9429559707642
ATL03_20190908152412_11080405_006_02.h5,geojsons/simplified_GRE_2000_CW.geojson,GrIS_2019_2000_CW,geojsons/GRE_2000_CW.geojson,3856.530616760254
ATL03_20190912023059_11610403_006_02.h5,geojsons/simplified_GRE_2000_CW.geojson,GrIS_2019_2000_CW,geojsons/GRE_2000_CW.geojson,874.5574703216553
ATL03_20190912151552_11690405_006_02.h5,geojsons/simplified_GRE_2000_CW.geojson,GrIS_2019_2000_CW,geojsons/GRE_2000_CW.geojson,3760.8751096725464
ATL03_20190916022239_12220403_006_02.h5,geojsons/simplified_GRE_2000_CW.geojson,GrIS_2019_2000_CW,geojsons/GRE_2000_CW.geojson,1090.5542659759521
ATL03_20190916150733_12300405_006_02.h5,geojsons/simplified_GRE_2000_CW.geojson,GrIS_2019_2000_CW,geojsons/GRE_2000_CW.geojson,4456.1327266693115
ATL03_20190920021420_12830403_006_02.h5,geojsons/simplified_GRE_2000_CW.geojson,GrIS_2019_2000_CW,geojsons/GRE_2000_CW.geojson,1709.5624151229858
ATL03_20190920145914_12910405_006_02.h5,geojsons/simplified_GRE_2000_CW.geojson,GrIS_2019_2000_CW,geojsons/GRE_2000_CW.geojson,6146.92471408844
ATL03_20190921143335_13060405_006_02.h5,geojsons/simplified_GRE_2000_CW.geojson,GrIS_2019_2000_CW,geojsons/GRE_2000_CW.geojson,2275.1277742385864
ATL03_20190924020602_13440403_006_02.h5,geojsons/simplified_GRE_2000_CW.geojson,GrIS_2019_2000_CW,geojsons/GRE_2000_CW.geojson,402.79835510253906
ATL03_20190924145056_13520405_006_02.h5,geojsons/simplified_GRE_2000_CW.geojson,GrIS_2019_2000_CW,geojsons/GRE_2000_CW.geojson,3286.3458366394043
ATL03_20190925142517_13670405_006_02.h5,geojsons/simplified_GRE_2000_CW.geojson,GrIS_2019_2000_CW,geojsons/GRE_2000_CW.geojson,2579.9512128829956
ATL03_20190928015743_00180503_006_02.h5,geojsons/simplified_GRE_2000_CW.geojson,GrIS_2019_2000_CW,geojsons/GRE_2000_CW.geojson,1194.896357536316
ATL03_20190928144236_00260505_006_02.h5,geojsons/simplified_GRE_2000_CW.geojson,GrIS_2019_2000_CW,geojsons/GRE_2000_CW.geojson,3000.397883415222
ATL03_20190929013203_00330503_006_02.h5,geojsons/simplified_GRE_2000_CW.geojson,GrIS_2019_2000_CW,geojsons/GRE_2000_CW.geojson,1304.4236154556274
ATL03_20190929141656_00410505_006_02.h5,geojsons/simplified_GRE_2000_CW.geojson,GrIS_2019_2000_CW,geojsons/GRE_2000_CW.geojson,3399.1105451583862
ATL03_20200501040411_05440705_006_01.h5,geojsons/simplified_GRE_2000_CW.geojson,GrIS_2020_2000_CW,geojsons/GRE_2000_CW.geojson,1273.3209352493286
ATL03_20200504151059_05970703_006_01.h5,geojsons/simplified_GRE_2000_CW.geojson,GrIS_2020_2000_CW,geojsons/GRE_2000_CW.geojson,4708.109488487244
ATL03_20200505035553_06050705_006_01.h5,geojsons/simplified_GRE_2000_CW.geojson,GrIS_2020_2000_CW,geojsons/GRE_2000_CW.geojson,982.7820959091187
ATL03_20200508150240_06580703_006_01.h5,geojsons/simplified_GRE_2000_CW.geojson,GrIS_2020_2000_CW,geojsons/GRE_2000_CW.geojson,4606.987002372742
ATL03_20200509034734_06660705_006_01.h5,geojsons/simplified_GRE_2000_CW.geojson,GrIS_2020_2000_CW,geojsons/GRE_2000_CW.geojson,970.7137002944946
ATL03_20200512145421_07190703_006_01.h5,geojsons/simplified_GRE_2000_CW.geojson,GrIS_2020_2000_CW,geojsons/GRE_2000_CW.geojson,4786.8191385269165
ATL03_20200513033914_07270705_006_01.h5,geojsons/simplified_GRE_2000_CW.geojson,GrIS_2020_2000_CW,geojsons/GRE_2000_CW.geojson,950.5889949798584
ATL03_20200516144602_07800703_006_01.h5,geojsons/simplified_GRE_2000_CW.geojson,GrIS_2020_2000_CW,geojsons/GRE_2000_CW.geojson,6339.070823669434
ATL03_20200517033055_07880705_006_01.h5,geojsons/simplified_GRE_2000_CW.geojson,GrIS_2020_2000_CW,geojsons/GRE_2000_CW.geojson,1289.2700662612915
ATL03_20200520143742_08410703_006_01.h5,geojsons/simplified_GRE_2000_CW.geojson,GrIS_2020_2000_CW,geojsons/GRE_2000_CW.geojson,8332.246739387512
ATL03_20200521032236_08490705_006_01.h5,geojsons/simplified_GRE_2000_CW.geojson,GrIS_2020_2000_CW,geojsons/GRE_2000_CW.geojson,1384.5504245758057
ATL03_20200522025656_08640705_006_01.h5,geojsons/simplified_GRE_2000_CW.geojson,GrIS_2020_2000_CW,geojsons/GRE_2000_CW.geojson,977.6058435440063
ATL03_20200524142922_09020703_006_01.h5,geojsons/simplified_GRE_2000_CW.geojson,GrIS_2020_2000_CW,geojsons/GRE_2000_CW.geojson,11214.050853729248
ATL03_20200525031415_09100705_006_01.h5,geojsons/simplified_GRE_2000_CW.geojson,GrIS_2020_2000_CW,geojsons/GRE_2000_CW.geojson,1196.4886770248413
ATL03_20200526024835_09250705_006_01.h5,geojsons/simplified_GRE_2000_CW.geojson,GrIS_2020_2000_CW,geojsons/GRE_2000_CW.geojson,1025.3470153808594
ATL03_20200528142101_09630703_006_01.h5,geojsons/simplified_GRE_2000_CW.geojson,GrIS_2020_2000_CW,geojsons/GRE_2000_CW.geojson,10169.676300048828
ATL03_20200529030555_09710705_006_01.h5,geojsons/simplified_GRE_2000_CW.geojson,GrIS_2020_2000_CW,geojsons/GRE_2000_CW.geojson,1256.8375549316406
ATL03_20200529135522_09780703_006_01.h5,geojsons/simplified_GRE_2000_CW.geojson,GrIS_2020_2000_CW,geojsons/GRE_2000_CW.geojson,5466.531315803528
ATL03_20200530024016_09860705_006_01.h5,geojsons/simplified_GRE_2000_CW.geojson,GrIS_2020_2000_CW,geojsons/GRE_2000_CW.geojson,1772.2338514328003
ATL03_20200602134702_10390703_006_01.h5,geojsons/simplified_GRE_2000_CW.geojson,GrIS_2020_2000_CW,geojsons/GRE_2000_CW.geojson,4952.16011428833
ATL03_20200603023155_10470705_006_01.h5,geojsons/simplified_GRE_2000_CW.geojson,GrIS_2020_2000_CW,geojsons/GRE_2000_CW.geojson,585.3472547531128
ATL03_20200606133842_11000703_006_01.h5,geojsons/simplified_GRE_2000_CW.geojson,GrIS_2020_2000_CW,geojsons/GRE_2000_CW.geojson,4842.336970329285
ATL03_20200607022335_11080705_006_01.h5,geojsons/simplified_GRE_2000_CW.geojson,GrIS_2020_2000_CW,geojsons/GRE_2000_CW.geojson,824.9376983642578
ATL03_20200610133021_11610703_006_01.h5,geojsons/simplified_GRE_2000_CW.geojson,GrIS_2020_2000_CW,geojsons/GRE_2000_CW.geojson,4681.660703659058
ATL03_20200611021514_11690705_006_01.h5,geojsons/simplified_GRE_2000_CW.geojson,GrIS_2020_2000_CW,geojsons/GRE_2000_CW.geojson,648.0874710083008
ATL03_20200614132201_12220703_006_01.h5,geojsons/simplified_GRE_2000_CW.geojson,GrIS_2020_2000_CW,geojsons/GRE_2000_CW.geojson,4815.930885314941
ATL03_20200615020654_12300705_006_01.h5,geojsons/simplified_GRE_2000_CW.geojson,GrIS_2020_2000_CW,geojsons/GRE_2000_CW.geojson,1216.5338430404663
ATL03_20200618131341_12830703_006_01.h5,geojsons/simplified_GRE_2000_CW.geojson,GrIS_2020_2000_CW,geojsons/GRE_2000_CW.geojson,8025.403648376465
ATL03_20200619015835_12910705_006_01.h5,geojsons/simplified_GRE_2000_CW.geojson,GrIS_2020_2000_CW,geojsons/GRE_2000_CW.geojson,1694.8489933013916
ATL03_20200620013256_13060705_006_01.h5,geojsons/simplified_GRE_2000_CW.geojson,GrIS_2020_2000_CW,geojsons/GRE_2000_CW.geojson,1341.9478912353516
ATL03_20200622130522_13440703_006_01.h5,geojsons/simplified_GRE_2000_CW.geojson,GrIS_2020_2000_CW,geojsons/GRE_2000_CW.geojson,8390.560025215149
ATL03_20200623015015_13520705_006_01.h5,geojsons/simplified_GRE_2000_CW.geojson,GrIS_2020_2000_CW,geojsons/GRE_2000_CW.geojson,1488.68035030365
ATL03_20200624012436_13670705_006_01.h5,geojsons/simplified_GRE_2000_CW.geojson,GrIS_2020_2000_CW,geojsons/GRE_2000_CW.geojson,738.462929725647
ATL03_20200626125702_00180803_006_01.h5,geojsons/simplified_GRE_2000_CW.geojson,GrIS_2020_2000_CW,geojsons/GRE_2000_CW.geojson,9924.783560752869
ATL03_20200627014155_00260805_006_01.h5,geojsons/simplified_GRE_2000_CW.geojson,GrIS_2020_2000_CW,geojsons/GRE_2000_CW.geojson,1672.1619367599487
ATL03_20200627123123_00330803_006_01.h5,geojsons/simplified_GRE_2000_CW.geojson,GrIS_2020_2000_CW,geojsons/GRE_2000_CW.geojson,5576.5280838012695
ATL03_20200628011616_00410805_006_01.h5,geojsons/simplified_GRE_2000_CW.geojson,GrIS_2020_2000_CW,geojsons/GRE_2000_CW.geojson,1542.4058685302734
ATL03_20200701122303_00940803_006_01.h5,geojsons/simplified_GRE_2000_CW.geojson,GrIS_2020_2000_CW,geojsons/GRE_2000_CW.geojson,4919.350392341614
ATL03_20200702010756_01020805_006_01.h5,geojsons/simplified_GRE_2000_CW.geojson,GrIS_2020_2000_CW,geojsons/GRE_2000_CW.geojson,1334.3471002578735
ATL03_20200705121441_01550803_006_01.h5,geojsons/simplified_GRE_2000_CW.geojson,GrIS_2020_2000_CW,geojsons/GRE_2000_CW.geojson,4549.226858139038
ATL03_20200706005932_01630805_006_01.h5,geojsons/simplified_GRE_2000_CW.geojson,GrIS_2020_2000_CW,geojsons/GRE_2000_CW.geojson,1143.116431236267
ATL03_20200709120621_02160803_006_01.h5,geojsons/simplified_GRE_2000_CW.geojson,GrIS_2020_2000_CW,geojsons/GRE_2000_CW.geojson,4720.274621009827
ATL03_20200710005115_02240805_006_01.h5,geojsons/simplified_GRE_2000_CW.geojson,GrIS_2020_2000_CW,geojsons/GRE_2000_CW.geojson,1018.2804012298584
ATL03_20200713115804_02770803_006_01.h5,geojsons/simplified_GRE_2000_CW.geojson,GrIS_2020_2000_CW,geojsons/GRE_2000_CW.geojson,4341.4108419418335
ATL03_20200714004257_02850805_006_01.h5,geojsons/simplified_GRE_2000_CW.geojson,GrIS_2020_2000_CW,geojsons/GRE_2000_CW.geojson,1251.3913249969482
ATL03_20200717114945_03380803_006_01.h5,geojsons/simplified_GRE_2000_CW.geojson,GrIS_2020_2000_CW,geojsons/GRE_2000_CW.geojson,5462.34895324707
ATL03_20200718003439_03460805_006_01.h5,geojsons/simplified_GRE_2000_CW.geojson,GrIS_2020_2000_CW,geojsons/GRE_2000_CW.geojson,1870.4426918029785
ATL03_20200721114126_03990803_006_01.h5,geojsons/simplified_GRE_2000_CW.geojson,GrIS_2020_2000_CW,geojsons/GRE_2000_CW.geojson,6030.246047973633
ATL03_20200722002619_04070805_006_01.h5,geojsons/simplified_GRE_2000_CW.geojson,GrIS_2020_2000_CW,geojsons/GRE_2000_CW.geojson,1528.0142278671265
ATL03_20200723000040_04220805_006_01.h5,geojsons/simplified_GRE_2000_CW.geojson,GrIS_2020_2000_CW,geojsons/GRE_2000_CW.geojson,1866.6392211914062
ATL03_20200725113304_04600803_006_01.h5,geojsons/simplified_GRE_2000_CW.geojson,GrIS_2020_2000_CW,geojsons/GRE_2000_CW.geojson,9942.619588851929
ATL03_20200726001759_04680805_006_01.h5,geojsons/simplified_GRE_2000_CW.geojson,GrIS_2020_2000_CW,geojsons/GRE_2000_CW.geojson,1445.9168043136597
ATL03_20200726235220_04830805_006_01.h5,geojsons/simplified_GRE_2000_CW.geojson,GrIS_2020_2000_CW,geojsons/GRE_2000_CW.geojson,972.1025695800781
ATL03_20200730000939_05290805_006_01.h5,geojsons/simplified_GRE_2000_CW.geojson,GrIS_2020_2000_CW,geojsons/GRE_2000_CW.geojson,1535.315224647522
ATL03_20200730105906_05360803_006_01.h5,geojsons/simplified_GRE_2000_CW.geojson,GrIS_2020_2000_CW,geojsons/GRE_2000_CW.geojson,4139.470112800598
ATL03_20200730234400_05440805_006_01.h5,geojsons/simplified_GRE_2000_CW.geojson,GrIS_2020_2000_CW,geojsons/GRE_2000_CW.geojson,992.4672536849976
ATL03_20200803105046_05970803_006_01.h5,geojsons/simplified_GRE_2000_CW.geojson,GrIS_2020_2000_CW,geojsons/GRE_2000_CW.geojson,4066.9521265029907
ATL03_20200803233539_06050805_006_01.h5,geojsons/simplified_GRE_2000_CW.geojson,GrIS_2020_2000_CW,geojsons/GRE_2000_CW.geojson,1036.9064388275146
ATL03_20200807104225_06580803_006_01.h5,geojsons/simplified_GRE_2000_CW.geojson,GrIS_2020_2000_CW,geojsons/GRE_2000_CW.geojson,3692.6626920700073
ATL03_20200807232719_06660805_006_01.h5,geojsons/simplified_GRE_2000_CW.geojson,GrIS_2020_2000_CW,geojsons/GRE_2000_CW.geojson,1046.7689743041992
ATL03_20200811103406_07190803_006_01.h5,geojsons/simplified_GRE_2000_CW.geojson,GrIS_2020_2000_CW,geojsons/GRE_2000_CW.geojson,3112.1639795303345
ATL03_20200811231859_07270805_006_01.h5,geojsons/simplified_GRE_2000_CW.geojson,GrIS_2020_2000_CW,geojsons/GRE_2000_CW.geojson,1666.652564048767
ATL03_20200815102547_07800803_006_01.h5,geojsons/simplified_GRE_2000_CW.geojson,GrIS_2020_2000_CW,geojsons/GRE_2000_CW.geojson,3451.5182905197144
ATL03_20200815231040_07880805_006_01.h5,geojsons/simplified_GRE_2000_CW.geojson,GrIS_2020_2000_CW,geojsons/GRE_2000_CW.geojson,1602.6696243286133
ATL03_20200819101727_08410803_006_01.h5,geojsons/simplified_GRE_2000_CW.geojson,GrIS_2020_2000_CW,geojsons/GRE_2000_CW.geojson,3200.234245300293
ATL03_20200819230220_08490805_006_01.h5,geojsons/simplified_GRE_2000_CW.geojson,GrIS_2020_2000_CW,geojsons/GRE_2000_CW.geojson,1221.0531215667725
ATL03_20200820223641_08640805_006_01.h5,geojsons/simplified_GRE_2000_CW.geojson,GrIS_2020_2000_CW,geojsons/GRE_2000_CW.geojson,1443.4487686157227
ATL03_20200823100907_09020803_006_01.h5,geojsons/simplified_GRE_2000_CW.geojson,GrIS_2020_2000_CW,geojsons/GRE_2000_CW.geojson,3424.5350790023804
ATL03_20200823225401_09100805_006_01.h5,geojsons/simplified_GRE_2000_CW.geojson,GrIS_2020_2000_CW,geojsons/GRE_2000_CW.geojson,1089.082724571228
ATL03_20200824222822_09250805_006_01.h5,geojsons/simplified_GRE_2000_CW.geojson,GrIS_2020_2000_CW,geojsons/GRE_2000_CW.geojson,1524.4703130722046
ATL03_20200827100048_09630803_006_01.h5,geojsons/simplified_GRE_2000_CW.geojson,GrIS_2020_2000_CW,geojsons/GRE_2000_CW.geojson,2702.2791662216187
ATL03_20200827224541_09710805_006_01.h5,geojsons/simplified_GRE_2000_CW.geojson,GrIS_2020_2000_CW,geojsons/GRE_2000_CW.geojson,819.5345211029053
ATL03_20200828093509_09780803_006_01.h5,geojsons/simplified_GRE_2000_CW.geojson,GrIS_2020_2000_CW,geojsons/GRE_2000_CW.geojson,2416.9521198272705
ATL03_20200828222002_09860805_006_01.h5,geojsons/simplified_GRE_2000_CW.geojson,GrIS_2020_2000_CW,geojsons/GRE_2000_CW.geojson,1104.308126449585
ATL03_20200901092648_10390803_006_02.h5,geojsons/simplified_GRE_2000_CW.geojson,GrIS_2020_2000_CW,geojsons/GRE_2000_CW.geojson,1945.815417289734
ATL03_20200901221141_10470805_006_02.h5,geojsons/simplified_GRE_2000_CW.geojson,GrIS_2020_2000_CW,geojsons/GRE_2000_CW.geojson,1131.5914125442505
ATL03_20200905091828_11000803_006_02.h5,geojsons/simplified_GRE_2000_CW.geojson,GrIS_2020_2000_CW,geojsons/GRE_2000_CW.geojson,1632.0309658050537
ATL03_20200905220321_11080805_006_02.h5,geojsons/simplified_GRE_2000_CW.geojson,GrIS_2020_2000_CW,geojsons/GRE_2000_CW.geojson,674.1774425506592
ATL03_20200909091009_11610803_006_02.h5,geojsons/simplified_GRE_2000_CW.geojson,GrIS_2020_2000_CW,geojsons/GRE_2000_CW.geojson,1199.2271451950073
ATL03_20200909215502_11690805_006_02.h5,geojsons/simplified_GRE_2000_CW.geojson,GrIS_2020_2000_CW,geojsons/GRE_2000_CW.geojson,1044.297200202942
ATL03_20200913090149_12220803_006_02.h5,geojsons/simplified_GRE_2000_CW.geojson,GrIS_2020_2000_CW,geojsons/GRE_2000_CW.geojson,1546.9758443832397
ATL03_20200913214643_12300805_006_02.h5,geojsons/simplified_GRE_2000_CW.geojson,GrIS_2020_2000_CW,geojsons/GRE_2000_CW.geojson,1174.1163511276245
ATL03_20200917085329_12830803_006_02.h5,geojsons/simplified_GRE_2000_CW.geojson,GrIS_2020_2000_CW,geojsons/GRE_2000_CW.geojson,915.4975805282593
ATL03_20200917213822_12910805_006_02.h5,geojsons/simplified_GRE_2000_CW.geojson,GrIS_2020_2000_CW,geojsons/GRE_2000_CW.geojson,803.0204582214355
ATL03_20200918211243_13060805_006_02.h5,geojsons/simplified_GRE_2000_CW.geojson,GrIS_2020_2000_CW,geojsons/GRE_2000_CW.geojson,693.305380821228
ATL03_20200921084510_13440803_006_02.h5,geojsons/simplified_GRE_2000_CW.geojson,GrIS_2020_2000_CW,geojsons/GRE_2000_CW.geojson,1100.2396659851074
ATL03_20200921213003_13520805_006_02.h5,geojsons/simplified_GRE_2000_CW.geojson,GrIS_2020_2000_CW,geojsons/GRE_2000_CW.geojson,1015.7058448791504
ATL03_20200922210424_13670805_006_02.h5,geojsons/simplified_GRE_2000_CW.geojson,GrIS_2020_2000_CW,geojsons/GRE_2000_CW.geojson,1244.005142211914
ATL03_20200925083651_00180903_006_02.h5,geojsons/simplified_GRE_2000_CW.geojson,GrIS_2020_2000_CW,geojsons/GRE_2000_CW.geojson,873.9627113342285
ATL03_20200925212145_00260905_006_02.h5,geojsons/simplified_GRE_2000_CW.geojson,GrIS_2020_2000_CW,geojsons/GRE_2000_CW.geojson,836.3998174667358
ATL03_20200926081112_00330903_006_02.h5,geojsons/simplified_GRE_2000_CW.geojson,GrIS_2020_2000_CW,geojsons/GRE_2000_CW.geojson,817.5493812561035
ATL03_20200926205605_00410905_006_02.h5,geojsons/simplified_GRE_2000_CW.geojson,GrIS_2020_2000_CW,geojsons/GRE_2000_CW.geojson,1033.7013530731201
ATL03_20200930080248_00940903_006_02.h5,geojsons/simplified_GRE_2000_CW.geojson,GrIS_2020_2000_CW,geojsons/GRE_2000_CW.geojson,1560.8931846618652
ATL03_20200930204740_01020905_006_02.h5,geojsons/simplified_GRE_2000_CW.geojson,GrIS_2020_2000_CW,geojsons/GRE_2000_CW.geojson,1570.6883945465088
ATL03_20181101213926_05230110_006_02.h5,geojsons/simplified_ANT_1000_East_B-C.geojson,AIS_2018-19_1000_East_B-C,geojsons/ANT_1000_East_B-C.geojson,1178.3039054870605
ATL03_20181102102712_05310112_006_02.h5,geojsons/simplified_ANT_1000_East_B-C.geojson,AIS_2018-19_1000_East_B-C,geojsons/ANT_1000_East_B-C.geojson,2271.793221473694
ATL03_20181102211349_05380110_006_02.h5,geojsons/simplified_ANT_1000_East_B-C.geojson,AIS_2018-19_1000_East_B-C,geojsons/ANT_1000_East_B-C.geojson,1361.744065284729
ATL03_20181103100133_05460112_006_02.h5,geojsons/simplified_ANT_1000_East_B-C.geojson,AIS_2018-19_1000_East_B-C,geojsons/ANT_1000_East_B-C.geojson,3727.8135948181152
ATL03_20181106101859_05920112_006_02.h5,geojsons/simplified_ANT_1000_East_B-C.geojson,AIS_2018-19_1000_East_B-C,geojsons/ANT_1000_East_B-C.geojson,3339.713635444641
ATL03_20181106210537_05990110_006_02.h5,geojsons/simplified_ANT_1000_East_B-C.geojson,AIS_2018-19_1000_East_B-C,geojsons/ANT_1000_East_B-C.geojson,923.4798336029053
ATL03_20181107095318_06070112_006_02.h5,geojsons/simplified_ANT_1000_East_B-C.geojson,AIS_2018-19_1000_East_B-C,geojsons/ANT_1000_East_B-C.geojson,3385.634654045105
ATL03_20181109212258_06450110_006_02.h5,geojsons/simplified_ANT_1000_East_B-C.geojson,AIS_2018-19_1000_East_B-C,geojsons/ANT_1000_East_B-C.geojson,1436.6961393356323
ATL03_20181110101041_06530112_006_02.h5,geojsons/simplified_ANT_1000_East_B-C.geojson,AIS_2018-19_1000_East_B-C,geojsons/ANT_1000_East_B-C.geojson,3851.4993085861206
ATL03_20181110205719_06600110_006_02.h5,geojsons/simplified_ANT_1000_East_B-C.geojson,AIS_2018-19_1000_East_B-C,geojsons/ANT_1000_East_B-C.geojson,1609.6420097351074
ATL03_20181111094502_06680112_006_02.h5,geojsons/simplified_ANT_1000_East_B-C.geojson,AIS_2018-19_1000_East_B-C,geojsons/ANT_1000_East_B-C.geojson,3532.4244060516357
ATL03_20181113211437_07060110_006_02.h5,geojsons/simplified_ANT_1000_East_B-C.geojson,AIS_2018-19_1000_East_B-C,geojsons/ANT_1000_East_B-C.geojson,1394.872709274292
ATL03_20181114100220_07140112_006_02.h5,geojsons/simplified_ANT_1000_East_B-C.geojson,AIS_2018-19_1000_East_B-C,geojsons/ANT_1000_East_B-C.geojson,3936.4861726760864
ATL03_20181114204857_07210110_006_02.h5,geojsons/simplified_ANT_1000_East_B-C.geojson,AIS_2018-19_1000_East_B-C,geojsons/ANT_1000_East_B-C.geojson,1609.3647871017456
ATL03_20181115093639_07290112_006_02.h5,geojsons/simplified_ANT_1000_East_B-C.geojson,AIS_2018-19_1000_East_B-C,geojsons/ANT_1000_East_B-C.geojson,3655.694519996643
ATL03_20181118095353_07750112_006_02.h5,geojsons/simplified_ANT_1000_East_B-C.geojson,AIS_2018-19_1000_East_B-C,geojsons/ANT_1000_East_B-C.geojson,3869.3717641830444
ATL03_20181118204030_07820110_006_02.h5,geojsons/simplified_ANT_1000_East_B-C.geojson,AIS_2018-19_1000_East_B-C,geojsons/ANT_1000_East_B-C.geojson,1166.9443244934082
ATL03_20181119092815_07900112_006_02.h5,geojsons/simplified_ANT_1000_East_B-C.geojson,AIS_2018-19_1000_East_B-C,geojsons/ANT_1000_East_B-C.geojson,3701.495785713196
ATL03_20181122094530_08360112_006_02.h5,geojsons/simplified_ANT_1000_East_B-C.geojson,AIS_2018-19_1000_East_B-C,geojsons/ANT_1000_East_B-C.geojson,4189.367871284485
ATL03_20181122203207_08430110_006_02.h5,geojsons/simplified_ANT_1000_East_B-C.geojson,AIS_2018-19_1000_East_B-C,geojsons/ANT_1000_East_B-C.geojson,1612.154953956604
ATL03_20181123091949_08510112_006_02.h5,geojsons/simplified_ANT_1000_East_B-C.geojson,AIS_2018-19_1000_East_B-C,geojsons/ANT_1000_East_B-C.geojson,3750.12513923645
ATL03_20181126093704_08970112_006_02.h5,geojsons/simplified_ANT_1000_East_B-C.geojson,AIS_2018-19_1000_East_B-C,geojsons/ANT_1000_East_B-C.geojson,3493.104073524475
ATL03_20181126202341_09040110_006_02.h5,geojsons/simplified_ANT_1000_East_B-C.geojson,AIS_2018-19_1000_East_B-C,geojsons/ANT_1000_East_B-C.geojson,892.7753753662109
ATL03_20181127091124_09120112_006_02.h5,geojsons/simplified_ANT_1000_East_B-C.geojson,AIS_2018-19_1000_East_B-C,geojsons/ANT_1000_East_B-C.geojson,3006.6270866394043
ATL03_20181128084545_09270112_006_02.h5,geojsons/simplified_ANT_1000_East_B-C.geojson,AIS_2018-19_1000_East_B-C,geojsons/ANT_1000_East_B-C.geojson,3433.373188972473
ATL03_20181130201522_09650110_006_02.h5,geojsons/simplified_ANT_1000_East_B-C.geojson,AIS_2018-19_1000_East_B-C,geojsons/ANT_1000_East_B-C.geojson,1176.7465000152588
ATL03_20181201090306_09730112_006_02.h5,geojsons/simplified_ANT_1000_East_B-C.geojson,AIS_2018-19_1000_East_B-C,geojsons/ANT_1000_East_B-C.geojson,3192.492099761963
ATL03_20181202083727_09880112_006_02.h5,geojsons/simplified_ANT_1000_East_B-C.geojson,AIS_2018-19_1000_East_B-C,geojsons/ANT_1000_East_B-C.geojson,3713.1494636535645
ATL03_20181204200704_10260110_006_02.h5,geojsons/simplified_ANT_1000_East_B-C.geojson,AIS_2018-19_1000_East_B-C,geojsons/ANT_1000_East_B-C.geojson,1436.7299432754517
ATL03_20181205085447_10340112_006_02.h5,geojsons/simplified_ANT_1000_East_B-C.geojson,AIS_2018-19_1000_East_B-C,geojsons/ANT_1000_East_B-C.geojson,4227.925973892212
ATL03_20181206082908_10490112_006_02.h5,geojsons/simplified_ANT_1000_East_B-C.geojson,AIS_2018-19_1000_East_B-C,geojsons/ANT_1000_East_B-C.geojson,4224.169438362122
ATL03_20181208195844_10870110_006_02.h5,geojsons/simplified_ANT_1000_East_B-C.geojson,AIS_2018-19_1000_East_B-C,geojsons/ANT_1000_East_B-C.geojson,1466.9516735076904
ATL03_20181209193305_11020110_006_02.h5,geojsons/simplified_ANT_1000_East_B-C.geojson,AIS_2018-19_1000_East_B-C,geojsons/ANT_1000_East_B-C.geojson,1720.6938171386719
ATL03_20181210082048_11100112_006_02.h5,geojsons/simplified_ANT_1000_East_B-C.geojson,AIS_2018-19_1000_East_B-C,geojsons/ANT_1000_East_B-C.geojson,4041.4665670394897
ATL03_20181212195024_11480110_006_02.h5,geojsons/simplified_ANT_1000_East_B-C.geojson,AIS_2018-19_1000_East_B-C,geojsons/ANT_1000_East_B-C.geojson,1639.5383195877075
ATL03_20181213083807_11560112_006_02.h5,geojsons/simplified_ANT_1000_East_B-C.geojson,AIS_2018-19_1000_East_B-C,geojsons/ANT_1000_East_B-C.geojson,4065.7152976989746
ATL03_20181213192444_11630110_006_02.h5,geojsons/simplified_ANT_1000_East_B-C.geojson,AIS_2018-19_1000_East_B-C,geojsons/ANT_1000_East_B-C.geojson,1490.1401300430298
ATL03_20181214081227_11710112_006_02.h5,geojsons/simplified_ANT_1000_East_B-C.geojson,AIS_2018-19_1000_East_B-C,geojsons/ANT_1000_East_B-C.geojson,3881.426184654236
ATL03_20181216194205_12090110_006_02.h5,geojsons/simplified_ANT_1000_East_B-C.geojson,AIS_2018-19_1000_East_B-C,geojsons/ANT_1000_East_B-C.geojson,1319.075668334961
ATL03_20181217082949_12170112_006_02.h5,geojsons/simplified_ANT_1000_East_B-C.geojson,AIS_2018-19_1000_East_B-C,geojsons/ANT_1000_East_B-C.geojson,3604.139730453491
ATL03_20181217191627_12240110_006_02.h5,geojsons/simplified_ANT_1000_East_B-C.geojson,AIS_2018-19_1000_East_B-C,geojsons/ANT_1000_East_B-C.geojson,941.2837533950806
ATL03_20181218080410_12320112_006_02.h5,geojsons/simplified_ANT_1000_East_B-C.geojson,AIS_2018-19_1000_East_B-C,geojsons/ANT_1000_East_B-C.geojson,4048.299285888672
ATL03_20181221082130_12780112_006_02.h5,geojsons/simplified_ANT_1000_East_B-C.geojson,AIS_2018-19_1000_East_B-C,geojsons/ANT_1000_East_B-C.geojson,4250.644509315491
ATL03_20181221190808_12850110_006_02.h5,geojsons/simplified_ANT_1000_East_B-C.geojson,AIS_2018-19_1000_East_B-C,geojsons/ANT_1000_East_B-C.geojson,1556.1917247772217
ATL03_20181225081310_13390112_006_02.h5,geojsons/simplified_ANT_1000_East_B-C.geojson,AIS_2018-19_1000_East_B-C,geojsons/ANT_1000_East_B-C.geojson,4381.984857559204
ATL03_20181225185948_13460110_006_02.h5,geojsons/simplified_ANT_1000_East_B-C.geojson,AIS_2018-19_1000_East_B-C,geojsons/ANT_1000_East_B-C.geojson,1524.1404418945312
ATL03_20181226074730_13540112_006_02.h5,geojsons/simplified_ANT_1000_East_B-C.geojson,AIS_2018-19_1000_East_B-C,geojsons/ANT_1000_East_B-C.geojson,3703.6944675445557
ATL03_20181229080452_00130212_006_02.h5,geojsons/simplified_ANT_1000_East_B-C.geojson,AIS_2018-19_1000_East_B-C,geojsons/ANT_1000_East_B-C.geojson,4003.3873987197876
ATL03_20181229185130_00200210_006_02.h5,geojsons/simplified_ANT_1000_East_B-C.geojson,AIS_2018-19_1000_East_B-C,geojsons/ANT_1000_East_B-C.geojson,1547.0862159729004
ATL03_20181230073914_00280212_006_02.h5,geojsons/simplified_ANT_1000_East_B-C.geojson,AIS_2018-19_1000_East_B-C,geojsons/ANT_1000_East_B-C.geojson,3414.110905647278
ATL03_20181231071335_00430212_006_02.h5,geojsons/simplified_ANT_1000_East_B-C.geojson,AIS_2018-19_1000_East_B-C,geojsons/ANT_1000_East_B-C.geojson,3698.677713394165
ATL03_20190102184312_00810210_006_02.h5,geojsons/simplified_ANT_1000_East_B-C.geojson,AIS_2018-19_1000_East_B-C,geojsons/ANT_1000_East_B-C.geojson,1447.8701419830322
ATL03_20190103073055_00890212_006_02.h5,geojsons/simplified_ANT_1000_East_B-C.geojson,AIS_2018-19_1000_East_B-C,geojsons/ANT_1000_East_B-C.geojson,3851.6539154052734
ATL03_20190103181733_00960210_006_02.h5,geojsons/simplified_ANT_1000_East_B-C.geojson,AIS_2018-19_1000_East_B-C,geojsons/ANT_1000_East_B-C.geojson,1303.4657096862793
ATL03_20190104070516_01040212_006_02.h5,geojsons/simplified_ANT_1000_East_B-C.geojson,AIS_2018-19_1000_East_B-C,geojsons/ANT_1000_East_B-C.geojson,3878.4356451034546
ATL03_20190106183451_01420210_006_02.h5,geojsons/simplified_ANT_1000_East_B-C.geojson,AIS_2018-19_1000_East_B-C,geojsons/ANT_1000_East_B-C.geojson,1076.9268102645874
ATL03_20190107072235_01500212_006_02.h5,geojsons/simplified_ANT_1000_East_B-C.geojson,AIS_2018-19_1000_East_B-C,geojsons/ANT_1000_East_B-C.geojson,4159.842082023621
ATL03_20190107180912_01570210_006_02.h5,geojsons/simplified_ANT_1000_East_B-C.geojson,AIS_2018-19_1000_East_B-C,geojsons/ANT_1000_East_B-C.geojson,1230.3388328552246
ATL03_20190108065655_01650212_006_02.h5,geojsons/simplified_ANT_1000_East_B-C.geojson,AIS_2018-19_1000_East_B-C,geojsons/ANT_1000_East_B-C.geojson,4009.7968578338623
ATL03_20190110182629_02030210_006_02.h5,geojsons/simplified_ANT_1000_East_B-C.geojson,AIS_2018-19_1000_East_B-C,geojsons/ANT_1000_East_B-C.geojson,735.3114852905273
ATL03_20190111071412_02110212_006_02.h5,geojsons/simplified_ANT_1000_East_B-C.geojson,AIS_2018-19_1000_East_B-C,geojsons/ANT_1000_East_B-C.geojson,3074.346146583557
ATL03_20190111180049_02180210_006_02.h5,geojsons/simplified_ANT_1000_East_B-C.geojson,AIS_2018-19_1000_East_B-C,geojsons/ANT_1000_East_B-C.geojson,1221.2988271713257
ATL03_20190112064832_02260212_006_02.h5,geojsons/simplified_ANT_1000_East_B-C.geojson,AIS_2018-19_1000_East_B-C,geojsons/ANT_1000_East_B-C.geojson,3627.14536857605
ATL03_20190114181806_02640210_006_02.h5,geojsons/simplified_ANT_1000_East_B-C.geojson,AIS_2018-19_1000_East_B-C,geojsons/ANT_1000_East_B-C.geojson,1158.420217514038
ATL03_20190115070548_02720212_006_02.h5,geojsons/simplified_ANT_1000_East_B-C.geojson,AIS_2018-19_1000_East_B-C,geojsons/ANT_1000_East_B-C.geojson,3974.438691139221
ATL03_20190115175225_02790210_006_02.h5,geojsons/simplified_ANT_1000_East_B-C.geojson,AIS_2018-19_1000_East_B-C,geojsons/ANT_1000_East_B-C.geojson,1316.2634181976318
ATL03_20190116064007_02870212_006_02.h5,geojsons/simplified_ANT_1000_East_B-C.geojson,AIS_2018-19_1000_East_B-C,geojsons/ANT_1000_East_B-C.geojson,3626.775158882141
ATL03_20190119065729_03330212_006_02.h5,geojsons/simplified_ANT_1000_East_B-C.geojson,AIS_2018-19_1000_East_B-C,geojsons/ANT_1000_East_B-C.geojson,3969.817714691162
ATL03_20190119174407_03400210_006_02.h5,geojsons/simplified_ANT_1000_East_B-C.geojson,AIS_2018-19_1000_East_B-C,geojsons/ANT_1000_East_B-C.geojson,1099.5755977630615
ATL03_20190120063151_03480212_006_02.h5,geojsons/simplified_ANT_1000_East_B-C.geojson,AIS_2018-19_1000_East_B-C,geojsons/ANT_1000_East_B-C.geojson,3549.3541135787964
ATL03_20190123064917_03940212_006_02.h5,geojsons/simplified_ANT_1000_East_B-C.geojson,AIS_2018-19_1000_East_B-C,geojsons/ANT_1000_East_B-C.geojson,3468.7432079315186
ATL03_20190123173555_04010210_006_02.h5,geojsons/simplified_ANT_1000_East_B-C.geojson,AIS_2018-19_1000_East_B-C,geojsons/ANT_1000_East_B-C.geojson,1185.2467594146729
ATL03_20190124062339_04090212_006_02.h5,geojsons/simplified_ANT_1000_East_B-C.geojson,AIS_2018-19_1000_East_B-C,geojsons/ANT_1000_East_B-C.geojson,3261.5387382507324
ATL03_20190127064102_04550212_006_02.h5,geojsons/simplified_ANT_1000_East_B-C.geojson,AIS_2018-19_1000_East_B-C,geojsons/ANT_1000_East_B-C.geojson,3831.4910373687744
ATL03_20190127172740_04620210_006_02.h5,geojsons/simplified_ANT_1000_East_B-C.geojson,AIS_2018-19_1000_East_B-C,geojsons/ANT_1000_East_B-C.geojson,1457.311755180359
ATL03_20190128061524_04700212_006_02.h5,geojsons/simplified_ANT_1000_East_B-C.geojson,AIS_2018-19_1000_East_B-C,geojsons/ANT_1000_East_B-C.geojson,3261.0798654556274
ATL03_20190129054945_04850212_006_02.h5,geojsons/simplified_ANT_1000_East_B-C.geojson,AIS_2018-19_1000_East_B-C,geojsons/ANT_1000_East_B-C.geojson,3347.718279838562
ATL03_20190131171923_05230210_006_02.h5,geojsons/simplified_ANT_1000_East_B-C.geojson,AIS_2018-19_1000_East_B-C,geojsons/ANT_1000_East_B-C.geojson,858.1845140457153
ATL03_20190201060707_05310212_006_02.h5,geojsons/simplified_ANT_1000_East_B-C.geojson,AIS_2018-19_1000_East_B-C,geojsons/ANT_1000_East_B-C.geojson,2896.487180709839
ATL03_20190201165344_05380210_006_02.h5,geojsons/simplified_ANT_1000_East_B-C.geojson,AIS_2018-19_1000_East_B-C,geojsons/ANT_1000_East_B-C.geojson,830.0668878555298
ATL03_20190202054128_05460212_006_02.h5,geojsons/simplified_ANT_1000_East_B-C.geojson,AIS_2018-19_1000_East_B-C,geojsons/ANT_1000_East_B-C.geojson,3190.6369581222534
ATL03_20190204171104_05840210_006_02.h5,geojsons/simplified_ANT_1000_East_B-C.geojson,AIS_2018-19_1000_East_B-C,geojsons/ANT_1000_East_B-C.geojson,746.8401222229004
ATL03_20190205055847_05920212_006_02.h5,geojsons/simplified_ANT_1000_East_B-C.geojson,AIS_2018-19_1000_East_B-C,geojsons/ANT_1000_East_B-C.geojson,3622.9826231002808
ATL03_20190205164525_05990210_006_02.h5,geojsons/simplified_ANT_1000_East_B-C.geojson,AIS_2018-19_1000_East_B-C,geojsons/ANT_1000_East_B-C.geojson,994.287031173706
ATL03_20190206053308_06070212_006_02.h5,geojsons/simplified_ANT_1000_East_B-C.geojson,AIS_2018-19_1000_East_B-C,geojsons/ANT_1000_East_B-C.geojson,3348.24089717865
ATL03_20190208170243_06450210_006_02.h5,geojsons/simplified_ANT_1000_East_B-C.geojson,AIS_2018-19_1000_East_B-C,geojsons/ANT_1000_East_B-C.geojson,1441.4880104064941
ATL03_20190209055025_06530212_006_02.h5,geojsons/simplified_ANT_1000_East_B-C.geojson,AIS_2018-19_1000_East_B-C,geojsons/ANT_1000_East_B-C.geojson,3191.4961109161377
ATL03_20190209163703_06600210_006_02.h5,geojsons/simplified_ANT_1000_East_B-C.geojson,AIS_2018-19_1000_East_B-C,geojsons/ANT_1000_East_B-C.geojson,921.947265625
ATL03_20190210052446_06680212_006_02.h5,geojsons/simplified_ANT_1000_East_B-C.geojson,AIS_2018-19_1000_East_B-C,geojsons/ANT_1000_East_B-C.geojson,2927.8889589309692
ATL03_20190212165420_07060210_006_02.h5,geojsons/simplified_ANT_1000_East_B-C.geojson,AIS_2018-19_1000_East_B-C,geojsons/ANT_1000_East_B-C.geojson,951.7508726119995
ATL03_20190213054203_07140212_006_02.h5,geojsons/simplified_ANT_1000_East_B-C.geojson,AIS_2018-19_1000_East_B-C,geojsons/ANT_1000_East_B-C.geojson,2979.0180292129517
ATL03_20190213162841_07210210_006_02.h5,geojsons/simplified_ANT_1000_East_B-C.geojson,AIS_2018-19_1000_East_B-C,geojsons/ANT_1000_East_B-C.geojson,1181.3619375228882
ATL03_20190214051625_07290212_006_02.h5,geojsons/simplified_ANT_1000_East_B-C.geojson,AIS_2018-19_1000_East_B-C,geojsons/ANT_1000_East_B-C.geojson,3255.1622819900513
ATL03_20190216164601_07670210_006_02.h5,geojsons/simplified_ANT_1000_East_B-C.geojson,AIS_2018-19_1000_East_B-C,geojsons/ANT_1000_East_B-C.geojson,351.59298038482666
ATL03_20190217053344_07750212_006_02.h5,geojsons/simplified_ANT_1000_East_B-C.geojson,AIS_2018-19_1000_East_B-C,geojsons/ANT_1000_East_B-C.geojson,2037.9602088928223
ATL03_20190217162021_07820210_006_02.h5,geojsons/simplified_ANT_1000_East_B-C.geojson,AIS_2018-19_1000_East_B-C,geojsons/ANT_1000_East_B-C.geojson,334.9192476272583
ATL03_20190218050804_07900212_006_02.h5,geojsons/simplified_ANT_1000_East_B-C.geojson,AIS_2018-19_1000_East_B-C,geojsons/ANT_1000_East_B-C.geojson,2927.176531791687
ATL03_20190221052524_08360212_006_02.h5,geojsons/simplified_ANT_1000_East_B-C.geojson,AIS_2018-19_1000_East_B-C,geojsons/ANT_1000_East_B-C.geojson,2495.3303031921387
ATL03_20190221161201_08430210_006_02.h5,geojsons/simplified_ANT_1000_East_B-C.geojson,AIS_2018-19_1000_East_B-C,geojsons/ANT_1000_East_B-C.geojson,1243.0017232894897
ATL03_20190222045945_08510212_006_02.h5,geojsons/simplified_ANT_1000_East_B-C.geojson,AIS_2018-19_1000_East_B-C,geojsons/ANT_1000_East_B-C.geojson,2660.587727546692
ATL03_20190225051706_08970212_006_02.h5,geojsons/simplified_ANT_1000_East_B-C.geojson,AIS_2018-19_1000_East_B-C,geojsons/ANT_1000_East_B-C.geojson,2497.0145740509033
ATL03_20190225160343_09040210_006_02.h5,geojsons/simplified_ANT_1000_East_B-C.geojson,AIS_2018-19_1000_East_B-C,geojsons/ANT_1000_East_B-C.geojson,1043.7569694519043
ATL03_20190226045126_09120212_006_02.h5,geojsons/simplified_ANT_1000_East_B-C.geojson,AIS_2018-19_1000_East_B-C,geojsons/ANT_1000_East_B-C.geojson,2279.7096195220947
ATL03_20190227042547_09270212_006_02.h5,geojsons/simplified_ANT_1000_East_B-C.geojson,AIS_2018-19_1000_East_B-C,geojsons/ANT_1000_East_B-C.geojson,1734.626667022705
ATL03_20190301155524_09650210_006_02.h5,geojsons/simplified_ANT_1000_East_B-C.geojson,AIS_2018-19_1000_East_B-C,geojsons/ANT_1000_East_B-C.geojson,762.3459787368774
ATL03_20190302044307_09730212_006_02.h5,geojsons/simplified_ANT_1000_East_B-C.geojson,AIS_2018-19_1000_East_B-C,geojsons/ANT_1000_East_B-C.geojson,2226.527165412903
ATL03_20190303041728_09880212_006_02.h5,geojsons/simplified_ANT_1000_East_B-C.geojson,AIS_2018-19_1000_East_B-C,geojsons/ANT_1000_East_B-C.geojson,2348.737741470337
ATL03_20190305154704_10260210_006_02.h5,geojsons/simplified_ANT_1000_East_B-C.geojson,AIS_2018-19_1000_East_B-C,geojsons/ANT_1000_East_B-C.geojson,565.6337299346924
ATL03_20190306043447_10340212_006_02.h5,geojsons/simplified_ANT_1000_East_B-C.geojson,AIS_2018-19_1000_East_B-C,geojsons/ANT_1000_East_B-C.geojson,2219.1620864868164
ATL03_20190306152125_10410210_006_02.h5,geojsons/simplified_ANT_1000_East_B-C.geojson,AIS_2018-19_1000_East_B-C,geojsons/ANT_1000_East_B-C.geojson,707.8495798110962
ATL03_20190307040908_10490212_006_02.h5,geojsons/simplified_ANT_1000_East_B-C.geojson,AIS_2018-19_1000_East_B-C,geojsons/ANT_1000_East_B-C.geojson,2157.4620790481567
ATL03_20190309153844_10870210_006_02.h5,geojsons/simplified_ANT_1000_East_B-C.geojson,AIS_2018-19_1000_East_B-C,geojsons/ANT_1000_East_B-C.geojson,1014.5766954421997
ATL03_20190310042627_10950212_006_02.h5,geojsons/simplified_ANT_1000_East_B-C.geojson,AIS_2018-19_1000_East_B-C,geojsons/ANT_1000_East_B-C.geojson,2028.4558744430542
ATL03_20190310151304_11020210_006_02.h5,geojsons/simplified_ANT_1000_East_B-C.geojson,AIS_2018-19_1000_East_B-C,geojsons/ANT_1000_East_B-C.geojson,1022.864070892334
ATL03_20190311040047_11100212_006_02.h5,geojsons/simplified_ANT_1000_East_B-C.geojson,AIS_2018-19_1000_East_B-C,geojsons/ANT_1000_East_B-C.geojson,1674.175085067749
ATL03_20190313153023_11480210_006_02.h5,geojsons/simplified_ANT_1000_East_B-C.geojson,AIS_2018-19_1000_East_B-C,geojsons/ANT_1000_East_B-C.geojson,1102.3760328292847
ATL03_20190314041806_11560212_006_02.h5,geojsons/simplified_ANT_1000_East_B-C.geojson,AIS_2018-19_1000_East_B-C,geojsons/ANT_1000_East_B-C.geojson,1668.6733741760254
ATL03_20190314150444_11630210_006_02.h5,geojsons/simplified_ANT_1000_East_B-C.geojson,AIS_2018-19_1000_East_B-C,geojsons/ANT_1000_East_B-C.geojson,723.3245735168457
ATL03_20190315035227_11710212_006_02.h5,geojsons/simplified_ANT_1000_East_B-C.geojson,AIS_2018-19_1000_East_B-C,geojsons/ANT_1000_East_B-C.geojson,1497.5712442398071
ATL03_20190317152204_12090210_006_02.h5,geojsons/simplified_ANT_1000_East_B-C.geojson,AIS_2018-19_1000_East_B-C,geojsons/ANT_1000_East_B-C.geojson,805.3002662658691
ATL03_20190318040947_12170212_006_02.h5,geojsons/simplified_ANT_1000_East_B-C.geojson,AIS_2018-19_1000_East_B-C,geojsons/ANT_1000_East_B-C.geojson,1421.9959707260132
ATL03_20190318145624_12240210_006_02.h5,geojsons/simplified_ANT_1000_East_B-C.geojson,AIS_2018-19_1000_East_B-C,geojsons/ANT_1000_East_B-C.geojson,907.6039991378784
ATL03_20190319034407_12320212_006_02.h5,geojsons/simplified_ANT_1000_East_B-C.geojson,AIS_2018-19_1000_East_B-C,geojsons/ANT_1000_East_B-C.geojson,1788.0366878509521
ATL03_20190322040126_12780212_006_02.h5,geojsons/simplified_ANT_1000_East_B-C.geojson,AIS_2018-19_1000_East_B-C,geojsons/ANT_1000_East_B-C.geojson,1711.4315757751465
ATL03_20190322144803_12850210_006_02.h5,geojsons/simplified_ANT_1000_East_B-C.geojson,AIS_2018-19_1000_East_B-C,geojsons/ANT_1000_East_B-C.geojson,1111.7121028900146
ATL03_20190323033547_12930212_006_02.h5,geojsons/simplified_ANT_1000_East_B-C.geojson,AIS_2018-19_1000_East_B-C,geojsons/ANT_1000_East_B-C.geojson,1486.9875040054321
ATL03_20190326035305_13390212_006_02.h5,geojsons/simplified_ANT_1000_East_B-C.geojson,AIS_2018-19_1000_East_B-C,geojsons/ANT_1000_East_B-C.geojson,1333.6960935592651
ATL03_20190326143942_13460210_006_02.h5,geojsons/simplified_ANT_1000_East_B-C.geojson,AIS_2018-19_1000_East_B-C,geojsons/ANT_1000_East_B-C.geojson,942.7578201293945
ATL03_20190327032725_13540212_006_02.h5,geojsons/simplified_ANT_1000_East_B-C.geojson,AIS_2018-19_1000_East_B-C,geojsons/ANT_1000_East_B-C.geojson,1200.3868923187256
ATL03_20190330034445_00130312_006_02.h5,geojsons/simplified_ANT_1000_East_B-C.geojson,AIS_2018-19_1000_East_B-C,geojsons/ANT_1000_East_B-C.geojson,1513.231918334961
ATL03_20190330143122_00200310_006_02.h5,geojsons/simplified_ANT_1000_East_B-C.geojson,AIS_2018-19_1000_East_B-C,geojsons/ANT_1000_East_B-C.geojson,1315.7847108840942
ATL03_20190331031906_00280312_006_02.h5,geojsons/simplified_ANT_1000_East_B-C.geojson,AIS_2018-19_1000_East_B-C,geojsons/ANT_1000_East_B-C.geojson,1375.9705505371094
ATL03_20201101104925_05840910_006_01.h5,geojsons/simplified_ANT_1000_East_B-C.geojson,AIS_2020-21_1000_East_B-C,geojsons/ANT_1000_East_B-C.geojson,4346.296587944031
ATL03_20201101233708_05920912_006_01.h5,geojsons/simplified_ANT_1000_East_B-C.geojson,AIS_2020-21_1000_East_B-C,geojsons/ANT_1000_East_B-C.geojson,1119.1694927215576
ATL03_20201102102345_05990910_006_01.h5,geojsons/simplified_ANT_1000_East_B-C.geojson,AIS_2020-21_1000_East_B-C,geojsons/ANT_1000_East_B-C.geojson,4512.381067276001
ATL03_20201102231128_06070912_006_01.h5,geojsons/simplified_ANT_1000_East_B-C.geojson,AIS_2020-21_1000_East_B-C,geojsons/ANT_1000_East_B-C.geojson,1183.4550380706787
ATL03_20201105104103_06450910_006_01.h5,geojsons/simplified_ANT_1000_East_B-C.geojson,AIS_2020-21_1000_East_B-C,geojsons/ANT_1000_East_B-C.geojson,4159.256278991699
ATL03_20201105232846_06530912_006_01.h5,geojsons/simplified_ANT_1000_East_B-C.geojson,AIS_2020-21_1000_East_B-C,geojsons/ANT_1000_East_B-C.geojson,1919.5308780670166
ATL03_20201106101524_06600910_006_01.h5,geojsons/simplified_ANT_1000_East_B-C.geojson,AIS_2020-21_1000_East_B-C,geojsons/ANT_1000_East_B-C.geojson,5276.947647094727
ATL03_20201106230307_06680912_006_01.h5,geojsons/simplified_ANT_1000_East_B-C.geojson,AIS_2020-21_1000_East_B-C,geojsons/ANT_1000_East_B-C.geojson,1759.2196435928345
ATL03_20201109103244_07060910_006_01.h5,geojsons/simplified_ANT_1000_East_B-C.geojson,AIS_2020-21_1000_East_B-C,geojsons/ANT_1000_East_B-C.geojson,3715.3213052749634
ATL03_20201109232027_07140912_006_01.h5,geojsons/simplified_ANT_1000_East_B-C.geojson,AIS_2020-21_1000_East_B-C,geojsons/ANT_1000_East_B-C.geojson,972.9334669113159
ATL03_20201110100705_07210910_006_01.h5,geojsons/simplified_ANT_1000_East_B-C.geojson,AIS_2020-21_1000_East_B-C,geojsons/ANT_1000_East_B-C.geojson,4537.599536895752
ATL03_20201110225448_07290912_006_01.h5,geojsons/simplified_ANT_1000_East_B-C.geojson,AIS_2020-21_1000_East_B-C,geojsons/ANT_1000_East_B-C.geojson,1101.597219467163
ATL03_20201113102425_07670910_006_01.h5,geojsons/simplified_ANT_1000_East_B-C.geojson,AIS_2020-21_1000_East_B-C,geojsons/ANT_1000_East_B-C.geojson,3925.251214027405
ATL03_20201113231209_07750912_006_01.h5,geojsons/simplified_ANT_1000_East_B-C.geojson,AIS_2020-21_1000_East_B-C,geojsons/ANT_1000_East_B-C.geojson,1280.2524719238281
ATL03_20201114095846_07820910_006_01.h5,geojsons/simplified_ANT_1000_East_B-C.geojson,AIS_2020-21_1000_East_B-C,geojsons/ANT_1000_East_B-C.geojson,4938.2141942977905
ATL03_20201114224630_07900912_006_01.h5,geojsons/simplified_ANT_1000_East_B-C.geojson,AIS_2020-21_1000_East_B-C,geojsons/ANT_1000_East_B-C.geojson,1736.3654947280884
ATL03_20201117230350_08360912_006_01.h5,geojsons/simplified_ANT_1000_East_B-C.geojson,AIS_2020-21_1000_East_B-C,geojsons/ANT_1000_East_B-C.geojson,1737.9866590499878
ATL03_20201118095027_08430910_006_01.h5,geojsons/simplified_ANT_1000_East_B-C.geojson,AIS_2020-21_1000_East_B-C,geojsons/ANT_1000_East_B-C.geojson,4639.1058740615845
ATL03_20201118223810_08510912_006_01.h5,geojsons/simplified_ANT_1000_East_B-C.geojson,AIS_2020-21_1000_East_B-C,geojsons/ANT_1000_East_B-C.geojson,1427.9061126708984
ATL03_20201121225531_08970912_006_01.h5,geojsons/simplified_ANT_1000_East_B-C.geojson,AIS_2020-21_1000_East_B-C,geojsons/ANT_1000_East_B-C.geojson,1810.0807971954346
ATL03_20201122094209_09040910_006_01.h5,geojsons/simplified_ANT_1000_East_B-C.geojson,AIS_2020-21_1000_East_B-C,geojsons/ANT_1000_East_B-C.geojson,6215.510303497314
ATL03_20201122222952_09120912_006_01.h5,geojsons/simplified_ANT_1000_East_B-C.geojson,AIS_2020-21_1000_East_B-C,geojsons/ANT_1000_East_B-C.geojson,1876.4366054534912
ATL03_20201123220412_09270912_006_01.h5,geojsons/simplified_ANT_1000_East_B-C.geojson,AIS_2020-21_1000_East_B-C,geojsons/ANT_1000_East_B-C.geojson,2105.620539665222
ATL03_20201126093349_09650910_006_01.h5,geojsons/simplified_ANT_1000_East_B-C.geojson,AIS_2020-21_1000_East_B-C,geojsons/ANT_1000_East_B-C.geojson,5229.982361793518
ATL03_20201126222132_09730912_006_01.h5,geojsons/simplified_ANT_1000_East_B-C.geojson,AIS_2020-21_1000_East_B-C,geojsons/ANT_1000_East_B-C.geojson,865.1508455276489
ATL03_20201127215552_09880912_006_01.h5,geojsons/simplified_ANT_1000_East_B-C.geojson,AIS_2020-21_1000_East_B-C,geojsons/ANT_1000_East_B-C.geojson,1471.158637046814
ATL03_20201130092528_10260910_006_01.h5,geojsons/simplified_ANT_1000_East_B-C.geojson,AIS_2020-21_1000_East_B-C,geojsons/ANT_1000_East_B-C.geojson,5742.463362693787
ATL03_20201130221311_10340912_006_01.h5,geojsons/simplified_ANT_1000_East_B-C.geojson,AIS_2020-21_1000_East_B-C,geojsons/ANT_1000_East_B-C.geojson,1326.2217016220093
ATL03_20201201085949_10410910_006_01.h5,geojsons/simplified_ANT_1000_East_B-C.geojson,AIS_2020-21_1000_East_B-C,geojsons/ANT_1000_East_B-C.geojson,4518.0416078567505
ATL03_20201201214732_10490912_006_01.h5,geojsons/simplified_ANT_1000_East_B-C.geojson,AIS_2020-21_1000_East_B-C,geojsons/ANT_1000_East_B-C.geojson,1052.9077081680298
ATL03_20201204091709_10870910_006_01.h5,geojsons/simplified_ANT_1000_East_B-C.geojson,AIS_2020-21_1000_East_B-C,geojsons/ANT_1000_East_B-C.geojson,5797.411980628967
ATL03_20201204220452_10950912_006_01.h5,geojsons/simplified_ANT_1000_East_B-C.geojson,AIS_2020-21_1000_East_B-C,geojsons/ANT_1000_East_B-C.geojson,1930.4188194274902
ATL03_20201205085129_11020910_006_01.h5,geojsons/simplified_ANT_1000_East_B-C.geojson,AIS_2020-21_1000_East_B-C,geojsons/ANT_1000_East_B-C.geojson,5724.966307640076
ATL03_20201205213913_11100912_006_01.h5,geojsons/simplified_ANT_1000_East_B-C.geojson,AIS_2020-21_1000_East_B-C,geojsons/ANT_1000_East_B-C.geojson,1768.2814197540283
ATL03_20201208090849_11480910_006_01.h5,geojsons/simplified_ANT_1000_East_B-C.geojson,AIS_2020-21_1000_East_B-C,geojsons/ANT_1000_East_B-C.geojson,5333.000429153442
ATL03_20201208215632_11560912_006_01.h5,geojsons/simplified_ANT_1000_East_B-C.geojson,AIS_2020-21_1000_East_B-C,geojsons/ANT_1000_East_B-C.geojson,1807.3479299545288
ATL03_20201209084310_11630910_006_01.h5,geojsons/simplified_ANT_1000_East_B-C.geojson,AIS_2020-21_1000_East_B-C,geojsons/ANT_1000_East_B-C.geojson,6284.2960414886475
ATL03_20201209213053_11710912_006_01.h5,geojsons/simplified_ANT_1000_East_B-C.geojson,AIS_2020-21_1000_East_B-C,geojsons/ANT_1000_East_B-C.geojson,1760.498314857483
ATL03_20201212090032_12090910_006_01.h5,geojsons/simplified_ANT_1000_East_B-C.geojson,AIS_2020-21_1000_East_B-C,geojsons/ANT_1000_East_B-C.geojson,5012.804218292236
ATL03_20201212214815_12170912_006_01.h5,geojsons/simplified_ANT_1000_East_B-C.geojson,AIS_2020-21_1000_East_B-C,geojsons/ANT_1000_East_B-C.geojson,1825.9938097000122
ATL03_20201213083450_12240910_006_01.h5,geojsons/simplified_ANT_1000_East_B-C.geojson,AIS_2020-21_1000_East_B-C,geojsons/ANT_1000_East_B-C.geojson,5124.867712974548
ATL03_20201213212234_12320912_006_01.h5,geojsons/simplified_ANT_1000_East_B-C.geojson,AIS_2020-21_1000_East_B-C,geojsons/ANT_1000_East_B-C.geojson,1599.9984016418457
ATL03_20201216213955_12780912_006_01.h5,geojsons/simplified_ANT_1000_East_B-C.geojson,AIS_2020-21_1000_East_B-C,geojsons/ANT_1000_East_B-C.geojson,1620.7633838653564
ATL03_20201217082632_12850910_006_01.h5,geojsons/simplified_ANT_1000_East_B-C.geojson,AIS_2020-21_1000_East_B-C,geojsons/ANT_1000_East_B-C.geojson,6731.427075386047
ATL03_20201217211415_12930912_006_01.h5,geojsons/simplified_ANT_1000_East_B-C.geojson,AIS_2020-21_1000_East_B-C,geojsons/ANT_1000_East_B-C.geojson,1922.0744371414185
ATL03_20201220213135_13390912_006_01.h5,geojsons/simplified_ANT_1000_East_B-C.geojson,AIS_2020-21_1000_East_B-C,geojsons/ANT_1000_East_B-C.geojson,1339.087781906128
ATL03_20201221081813_13460910_006_01.h5,geojsons/simplified_ANT_1000_East_B-C.geojson,AIS_2020-21_1000_East_B-C,geojsons/ANT_1000_East_B-C.geojson,5950.303649902344
ATL03_20201224212315_00131012_006_01.h5,geojsons/simplified_ANT_1000_East_B-C.geojson,AIS_2020-21_1000_East_B-C,geojsons/ANT_1000_East_B-C.geojson,1764.9173831939697
ATL03_20201225080953_00201010_006_01.h5,geojsons/simplified_ANT_1000_East_B-C.geojson,AIS_2020-21_1000_East_B-C,geojsons/ANT_1000_East_B-C.geojson,8126.170735359192
ATL03_20201225205736_00281012_006_01.h5,geojsons/simplified_ANT_1000_East_B-C.geojson,AIS_2020-21_1000_East_B-C,geojsons/ANT_1000_East_B-C.geojson,1410.9357557296753
ATL03_20201226203157_00431012_006_01.h5,geojsons/simplified_ANT_1000_East_B-C.geojson,AIS_2020-21_1000_East_B-C,geojsons/ANT_1000_East_B-C.geojson,1465.0086936950684
ATL03_20201229080133_00811010_006_01.h5,geojsons/simplified_ANT_1000_East_B-C.geojson,AIS_2020-21_1000_East_B-C,geojsons/ANT_1000_East_B-C.geojson,5915.8152112960815
ATL03_20201229204916_00891012_006_01.h5,geojsons/simplified_ANT_1000_East_B-C.geojson,AIS_2020-21_1000_East_B-C,geojsons/ANT_1000_East_B-C.geojson,1720.494330406189
ATL03_20201230073554_00961010_006_01.h5,geojsons/simplified_ANT_1000_East_B-C.geojson,AIS_2020-21_1000_East_B-C,geojsons/ANT_1000_East_B-C.geojson,5017.938799858093
ATL03_20201230202338_01041012_006_01.h5,geojsons/simplified_ANT_1000_East_B-C.geojson,AIS_2020-21_1000_East_B-C,geojsons/ANT_1000_East_B-C.geojson,1443.2058591842651
ATL03_20210102075314_01421010_006_01.h5,geojsons/simplified_ANT_1000_East_B-C.geojson,AIS_2020-21_1000_East_B-C,geojsons/ANT_1000_East_B-C.geojson,5915.852291107178
ATL03_20210102204058_01501012_006_01.h5,geojsons/simplified_ANT_1000_East_B-C.geojson,AIS_2020-21_1000_East_B-C,geojsons/ANT_1000_East_B-C.geojson,1209.6825227737427
ATL03_20210103072735_01571010_006_01.h5,geojsons/simplified_ANT_1000_East_B-C.geojson,AIS_2020-21_1000_East_B-C,geojsons/ANT_1000_East_B-C.geojson,6079.276545524597
ATL03_20210103201518_01651012_006_01.h5,geojsons/simplified_ANT_1000_East_B-C.geojson,AIS_2020-21_1000_East_B-C,geojsons/ANT_1000_East_B-C.geojson,1434.2152862548828
ATL03_20210106074454_02031010_006_01.h5,geojsons/simplified_ANT_1000_East_B-C.geojson,AIS_2020-21_1000_East_B-C,geojsons/ANT_1000_East_B-C.geojson,5749.245593070984
ATL03_20210106203237_02111012_006_01.h5,geojsons/simplified_ANT_1000_East_B-C.geojson,AIS_2020-21_1000_East_B-C,geojsons/ANT_1000_East_B-C.geojson,1493.6656398773193
ATL03_20210107071914_02181010_006_01.h5,geojsons/simplified_ANT_1000_East_B-C.geojson,AIS_2020-21_1000_East_B-C,geojsons/ANT_1000_East_B-C.geojson,6011.741141319275
ATL03_20210107200658_02261012_006_01.h5,geojsons/simplified_ANT_1000_East_B-C.geojson,AIS_2020-21_1000_East_B-C,geojsons/ANT_1000_East_B-C.geojson,1536.9598979949951
ATL03_20210110073636_02641010_006_01.h5,geojsons/simplified_ANT_1000_East_B-C.geojson,AIS_2020-21_1000_East_B-C,geojsons/ANT_1000_East_B-C.geojson,4792.984505653381
ATL03_20210110202420_02721012_006_01.h5,geojsons/simplified_ANT_1000_East_B-C.geojson,AIS_2020-21_1000_East_B-C,geojsons/ANT_1000_East_B-C.geojson,1546.871660232544
ATL03_20210111071058_02791010_006_01.h5,geojsons/simplified_ANT_1000_East_B-C.geojson,AIS_2020-21_1000_East_B-C,geojsons/ANT_1000_East_B-C.geojson,5704.1762619018555
ATL03_20210111195841_02871012_006_01.h5,geojsons/simplified_ANT_1000_East_B-C.geojson,AIS_2020-21_1000_East_B-C,geojsons/ANT_1000_East_B-C.geojson,1319.1380634307861
ATL03_20210114201558_03331012_006_01.h5,geojsons/simplified_ANT_1000_East_B-C.geojson,AIS_2020-21_1000_East_B-C,geojsons/ANT_1000_East_B-C.geojson,1018.7006225585938
ATL03_20210115070236_03401010_006_01.h5,geojsons/simplified_ANT_1000_East_B-C.geojson,AIS_2020-21_1000_East_B-C,geojsons/ANT_1000_East_B-C.geojson,4098.482604026794
ATL03_20210115195020_03481012_006_01.h5,geojsons/simplified_ANT_1000_East_B-C.geojson,AIS_2020-21_1000_East_B-C,geojsons/ANT_1000_East_B-C.geojson,846.797905921936
ATL03_20210118200736_03941012_006_01.h5,geojsons/simplified_ANT_1000_East_B-C.geojson,AIS_2020-21_1000_East_B-C,geojsons/ANT_1000_East_B-C.geojson,1340.2813663482666
ATL03_20210119065414_04011010_006_01.h5,geojsons/simplified_ANT_1000_East_B-C.geojson,AIS_2020-21_1000_East_B-C,geojsons/ANT_1000_East_B-C.geojson,4848.114172935486
ATL03_20210119194158_04091012_006_01.h5,geojsons/simplified_ANT_1000_East_B-C.geojson,AIS_2020-21_1000_East_B-C,geojsons/ANT_1000_East_B-C.geojson,1234.561011314392
ATL03_20210122195922_04551012_006_01.h5,geojsons/simplified_ANT_1000_East_B-C.geojson,AIS_2020-21_1000_East_B-C,geojsons/ANT_1000_East_B-C.geojson,1079.7016382217407
ATL03_20210123064559_04621010_006_01.h5,geojsons/simplified_ANT_1000_East_B-C.geojson,AIS_2020-21_1000_East_B-C,geojsons/ANT_1000_East_B-C.geojson,5408.375189781189
ATL03_20210123193342_04701012_006_01.h5,geojsons/simplified_ANT_1000_East_B-C.geojson,AIS_2020-21_1000_East_B-C,geojsons/ANT_1000_East_B-C.geojson,732.2714166641235
ATL03_20210124190802_04851012_006_01.h5,geojsons/simplified_ANT_1000_East_B-C.geojson,AIS_2020-21_1000_East_B-C,geojsons/ANT_1000_East_B-C.geojson,602.2028675079346
ATL03_20210127063739_05231010_006_01.h5,geojsons/simplified_ANT_1000_East_B-C.geojson,AIS_2020-21_1000_East_B-C,geojsons/ANT_1000_East_B-C.geojson,5589.7390060424805
ATL03_20210127192522_05311012_006_01.h5,geojsons/simplified_ANT_1000_East_B-C.geojson,AIS_2020-21_1000_East_B-C,geojsons/ANT_1000_East_B-C.geojson,1272.660385131836
ATL03_20210128061201_05381010_006_01.h5,geojsons/simplified_ANT_1000_East_B-C.geojson,AIS_2020-21_1000_East_B-C,geojsons/ANT_1000_East_B-C.geojson,4591.979357719421
ATL03_20210128185944_05461012_006_01.h5,geojsons/simplified_ANT_1000_East_B-C.geojson,AIS_2020-21_1000_East_B-C,geojsons/ANT_1000_East_B-C.geojson,962.0492038726807
ATL03_20210131062919_05841010_006_01.h5,geojsons/simplified_ANT_1000_East_B-C.geojson,AIS_2020-21_1000_East_B-C,geojsons/ANT_1000_East_B-C.geojson,4869.477047920227
ATL03_20210131191702_05921012_006_01.h5,geojsons/simplified_ANT_1000_East_B-C.geojson,AIS_2020-21_1000_East_B-C,geojsons/ANT_1000_East_B-C.geojson,1200.5982093811035
ATL03_20210201060339_05991010_006_01.h5,geojsons/simplified_ANT_1000_East_B-C.geojson,AIS_2020-21_1000_East_B-C,geojsons/ANT_1000_East_B-C.geojson,4779.580261230469
ATL03_20210201185122_06071012_006_01.h5,geojsons/simplified_ANT_1000_East_B-C.geojson,AIS_2020-21_1000_East_B-C,geojsons/ANT_1000_East_B-C.geojson,760.0468368530273
ATL03_20210204062059_06451010_006_01.h5,geojsons/simplified_ANT_1000_East_B-C.geojson,AIS_2020-21_1000_East_B-C,geojsons/ANT_1000_East_B-C.geojson,4860.61797618866
ATL03_20210204190842_06531012_006_01.h5,geojsons/simplified_ANT_1000_East_B-C.geojson,AIS_2020-21_1000_East_B-C,geojsons/ANT_1000_East_B-C.geojson,678.6843204498291
ATL03_20210205055521_06601010_006_01.h5,geojsons/simplified_ANT_1000_East_B-C.geojson,AIS_2020-21_1000_East_B-C,geojsons/ANT_1000_East_B-C.geojson,5219.381322860718
ATL03_20210205184304_06681012_006_01.h5,geojsons/simplified_ANT_1000_East_B-C.geojson,AIS_2020-21_1000_East_B-C,geojsons/ANT_1000_East_B-C.geojson,655.7815074920654
ATL03_20210208061240_07061010_006_01.h5,geojsons/simplified_ANT_1000_East_B-C.geojson,AIS_2020-21_1000_East_B-C,geojsons/ANT_1000_East_B-C.geojson,4556.91694355011
ATL03_20210208190023_07141012_006_01.h5,geojsons/simplified_ANT_1000_East_B-C.geojson,AIS_2020-21_1000_East_B-C,geojsons/ANT_1000_East_B-C.geojson,1051.2534246444702
ATL03_20210209054700_07211010_006_01.h5,geojsons/simplified_ANT_1000_East_B-C.geojson,AIS_2020-21_1000_East_B-C,geojsons/ANT_1000_East_B-C.geojson,4175.017743110657
ATL03_20210209183444_07291012_006_01.h5,geojsons/simplified_ANT_1000_East_B-C.geojson,AIS_2020-21_1000_East_B-C,geojsons/ANT_1000_East_B-C.geojson,996.2997236251831
ATL03_20210212060421_07671010_006_01.h5,geojsons/simplified_ANT_1000_East_B-C.geojson,AIS_2020-21_1000_East_B-C,geojsons/ANT_1000_East_B-C.geojson,3909.213207244873
ATL03_20210212185204_07751012_006_01.h5,geojsons/simplified_ANT_1000_East_B-C.geojson,AIS_2020-21_1000_East_B-C,geojsons/ANT_1000_East_B-C.geojson,840.7681932449341
ATL03_20210213053841_07821010_006_01.h5,geojsons/simplified_ANT_1000_East_B-C.geojson,AIS_2020-21_1000_East_B-C,geojsons/ANT_1000_East_B-C.geojson,4043.9102239608765
ATL03_20210213182624_07901012_006_01.h5,geojsons/simplified_ANT_1000_East_B-C.geojson,AIS_2020-21_1000_East_B-C,geojsons/ANT_1000_East_B-C.geojson,1063.7487392425537
ATL03_20210216184343_08361012_006_01.h5,geojsons/simplified_ANT_1000_East_B-C.geojson,AIS_2020-21_1000_East_B-C,geojsons/ANT_1000_East_B-C.geojson,695.110034942627
ATL03_20210217053020_08431010_006_01.h5,geojsons/simplified_ANT_1000_East_B-C.geojson,AIS_2020-21_1000_East_B-C,geojsons/ANT_1000_East_B-C.geojson,4846.767948150635
ATL03_20210217181804_08511012_006_01.h5,geojsons/simplified_ANT_1000_East_B-C.geojson,AIS_2020-21_1000_East_B-C,geojsons/ANT_1000_East_B-C.geojson,1125.1994819641113
ATL03_20210220183524_08971012_006_01.h5,geojsons/simplified_ANT_1000_East_B-C.geojson,AIS_2020-21_1000_East_B-C,geojsons/ANT_1000_East_B-C.geojson,1033.2311706542969
ATL03_20210221052202_09041010_006_01.h5,geojsons/simplified_ANT_1000_East_B-C.geojson,AIS_2020-21_1000_East_B-C,geojsons/ANT_1000_East_B-C.geojson,3942.3462743759155
ATL03_20210221180945_09121012_006_01.h5,geojsons/simplified_ANT_1000_East_B-C.geojson,AIS_2020-21_1000_East_B-C,geojsons/ANT_1000_East_B-C.geojson,769.6897640228271
ATL03_20210222174406_09271012_006_01.h5,geojsons/simplified_ANT_1000_East_B-C.geojson,AIS_2020-21_1000_East_B-C,geojsons/ANT_1000_East_B-C.geojson,413.6141004562378
ATL03_20210225051340_09651010_006_01.h5,geojsons/simplified_ANT_1000_East_B-C.geojson,AIS_2020-21_1000_East_B-C,geojsons/ANT_1000_East_B-C.geojson,3399.3104791641235
ATL03_20210225180123_09731012_006_01.h5,geojsons/simplified_ANT_1000_East_B-C.geojson,AIS_2020-21_1000_East_B-C,geojsons/ANT_1000_East_B-C.geojson,712.8076190948486
ATL03_20210226173544_09881012_006_01.h5,geojsons/simplified_ANT_1000_East_B-C.geojson,AIS_2020-21_1000_East_B-C,geojsons/ANT_1000_East_B-C.geojson,796.3416919708252
ATL03_20210301050520_10261010_006_01.h5,geojsons/simplified_ANT_1000_East_B-C.geojson,AIS_2020-21_1000_East_B-C,geojsons/ANT_1000_East_B-C.geojson,3600.1156244277954
ATL03_20210301175303_10341012_006_01.h5,geojsons/simplified_ANT_1000_East_B-C.geojson,AIS_2020-21_1000_East_B-C,geojsons/ANT_1000_East_B-C.geojson,470.5310916900635
ATL03_20210302043942_10411010_006_01.h5,geojsons/simplified_ANT_1000_East_B-C.geojson,AIS_2020-21_1000_East_B-C,geojsons/ANT_1000_East_B-C.geojson,3895.624626159668
ATL03_20210302172725_10491012_006_01.h5,geojsons/simplified_ANT_1000_East_B-C.geojson,AIS_2020-21_1000_East_B-C,geojsons/ANT_1000_East_B-C.geojson,903.1690196990967
ATL03_20210305045702_10871010_006_01.h5,geojsons/simplified_ANT_1000_East_B-C.geojson,AIS_2020-21_1000_East_B-C,geojsons/ANT_1000_East_B-C.geojson,3087.266571044922
ATL03_20210305174446_10951012_006_01.h5,geojsons/simplified_ANT_1000_East_B-C.geojson,AIS_2020-21_1000_East_B-C,geojsons/ANT_1000_East_B-C.geojson,966.6281204223633
ATL03_20210306043124_11021010_006_01.h5,geojsons/simplified_ANT_1000_East_B-C.geojson,AIS_2020-21_1000_East_B-C,geojsons/ANT_1000_East_B-C.geojson,2982.9167442321777
ATL03_20210306171907_11101012_006_01.h5,geojsons/simplified_ANT_1000_East_B-C.geojson,AIS_2020-21_1000_East_B-C,geojsons/ANT_1000_East_B-C.geojson,904.4771728515625
ATL03_20210309044842_11481010_006_01.h5,geojsons/simplified_ANT_1000_East_B-C.geojson,AIS_2020-21_1000_East_B-C,geojsons/ANT_1000_East_B-C.geojson,3021.1771488189697
ATL03_20210309173625_11561012_006_01.h5,geojsons/simplified_ANT_1000_East_B-C.geojson,AIS_2020-21_1000_East_B-C,geojsons/ANT_1000_East_B-C.geojson,805.1253490447998
ATL03_20210310042303_11631010_006_01.h5,geojsons/simplified_ANT_1000_East_B-C.geojson,AIS_2020-21_1000_East_B-C,geojsons/ANT_1000_East_B-C.geojson,2471.0796642303467
ATL03_20210310171046_11711012_006_01.h5,geojsons/simplified_ANT_1000_East_B-C.geojson,AIS_2020-21_1000_East_B-C,geojsons/ANT_1000_East_B-C.geojson,690.8569736480713
ATL03_20210313044023_12091010_006_01.h5,geojsons/simplified_ANT_1000_East_B-C.geojson,AIS_2020-21_1000_East_B-C,geojsons/ANT_1000_East_B-C.geojson,2962.0402250289917
ATL03_20210313172806_12171012_006_01.h5,geojsons/simplified_ANT_1000_East_B-C.geojson,AIS_2020-21_1000_East_B-C,geojsons/ANT_1000_East_B-C.geojson,1021.5268201828003
ATL03_20210314041446_12241010_006_01.h5,geojsons/simplified_ANT_1000_East_B-C.geojson,AIS_2020-21_1000_East_B-C,geojsons/ANT_1000_East_B-C.geojson,2212.6549367904663
ATL03_20210314170230_12321012_006_01.h5,geojsons/simplified_ANT_1000_East_B-C.geojson,AIS_2020-21_1000_East_B-C,geojsons/ANT_1000_East_B-C.geojson,911.0119857788086
ATL03_20210317171945_12781012_006_01.h5,geojsons/simplified_ANT_1000_East_B-C.geojson,AIS_2020-21_1000_East_B-C,geojsons/ANT_1000_East_B-C.geojson,1207.5696468353271
ATL03_20210318040622_12851010_006_01.h5,geojsons/simplified_ANT_1000_East_B-C.geojson,AIS_2020-21_1000_East_B-C,geojsons/ANT_1000_East_B-C.geojson,2442.5663719177246
ATL03_20210318165405_12931012_006_01.h5,geojsons/simplified_ANT_1000_East_B-C.geojson,AIS_2020-21_1000_East_B-C,geojsons/ANT_1000_East_B-C.geojson,1199.2021532058716
ATL03_20210321171126_13391012_006_01.h5,geojsons/simplified_ANT_1000_East_B-C.geojson,AIS_2020-21_1000_East_B-C,geojsons/ANT_1000_East_B-C.geojson,1031.7956714630127
ATL03_20210322035803_13461010_006_01.h5,geojsons/simplified_ANT_1000_East_B-C.geojson,AIS_2020-21_1000_East_B-C,geojsons/ANT_1000_East_B-C.geojson,2263.1390209198
ATL03_20210322164547_13541012_006_01.h5,geojsons/simplified_ANT_1000_East_B-C.geojson,AIS_2020-21_1000_East_B-C,geojsons/ANT_1000_East_B-C.geojson,1040.2474279403687
ATL03_20210325170306_00131112_006_01.h5,geojsons/simplified_ANT_1000_East_B-C.geojson,AIS_2020-21_1000_East_B-C,geojsons/ANT_1000_East_B-C.geojson,245.4808235168457
ATL03_20210326034944_00201110_006_01.h5,geojsons/simplified_ANT_1000_East_B-C.geojson,AIS_2020-21_1000_East_B-C,geojsons/ANT_1000_East_B-C.geojson,2282.0786085128784
ATL03_20210326163727_00281112_006_01.h5,geojsons/simplified_ANT_1000_East_B-C.geojson,AIS_2020-21_1000_East_B-C,geojsons/ANT_1000_East_B-C.geojson,277.94614696502686
ATL03_20210327161149_00431112_006_01.h5,geojsons/simplified_ANT_1000_East_B-C.geojson,AIS_2020-21_1000_East_B-C,geojsons/ANT_1000_East_B-C.geojson,947.1041574478149
ATL03_20210330034125_00811110_006_01.h5,geojsons/simplified_ANT_1000_East_B-C.geojson,AIS_2020-21_1000_East_B-C,geojsons/ANT_1000_East_B-C.geojson,1713.7774410247803
ATL03_20210330162908_00891112_006_01.h5,geojsons/simplified_ANT_1000_East_B-C.geojson,AIS_2020-21_1000_East_B-C,geojsons/ANT_1000_East_B-C.geojson,623.249044418335
ATL03_20210331031546_00961110_006_01.h5,geojsons/simplified_ANT_1000_East_B-C.geojson,AIS_2020-21_1000_East_B-C,geojsons/ANT_1000_East_B-C.geojson,1245.8483457565308
ATL03_20210331160329_01041112_006_01.h5,geojsons/simplified_ANT_1000_East_B-C.geojson,AIS_2020-21_1000_East_B-C,geojsons/ANT_1000_East_B-C.geojson,680.5250434875488
